Info    2026-01-29 05:04:36  DevID:MV-CU013-A0UC(DA6038615)  Source-Line:libMvCameraControl.so(CInterfaceManager.cpp-L0809)     Description:Current dynamic library path[/root/dart_ws/install/hik_camera/lib/libMvCameraControl.so]     Solution:
Info    2026-01-29 05:04:36  DevID:MV-CU013-A0UC(DA6038615)  Source-Line:libMvCameraControl.so(CInterfaceManager.cpp-L0812)     Description:CamCtl_Version: 3.2.0.3     Solution:
Info    2026-01-29 05:04:36  DevID:MV-CU013-A0UC(DA6038615)  Source-Line:libMvCameraControl.so(CInterfaceManager.cpp-L0813)     Description:CamCtl_Description: BaseLine Build 20210715     Solution:
Info    2026-01-29 05:04:36  DevID:MV-CU013-A0UC(DA6038615)  Source-Line:libMvCameraControl.so(CInterfaceManager.cpp-L0815)     Description:[MV_CC_CreateHandle] return[0x0]     Solution:
Info    2026-01-29 05:04:36  DevID:MV-CU013-A0UC(DA6038615)  Source-Line:libMvCameraControl.so(CInterfaceManager.cpp-L6655)     Description:CamCtrl[0x3020003], U3V SDKVersion[0x3020003], DriverVersion[0x0]     Solution:
Info    2026-01-29 05:04:37  DevID:MV-CU013-A0UC(DA6038615)  Source-Line:libMvCameraControl.so(CInterfaceManager.cpp-L4229)     Description:[MV_CC_InvalidateNodes] return[0x0]     Solution:
Info    2026-01-29 05:04:37  DevID:MV-CU013-A0UC(DA6038615)  Source-Line:libMvCameraControl.so(CInterfaceManager.cpp-L1086)     Description:[MV_CC_OpenDevice] nPrivilegeMode[1], nSwitchoverKey[0], return[0x0]     Solution:
Info    2026-01-29 05:04:37  DevID:MV-CU013-A0UC(DA6038615)  Source-Line:libMvCameraControl.so(CInterfaceManager.cpp-L3677)     Description:[MV_CC_GetImageInfo] return[0x0]     Solution:
Info    2026-01-29 05:04:38  DevID:MV-CU013-A0UC(DA6038615)  Source-Line:libMvCameraControl.so(CInterfaceManager.cpp-L1703)     Description:U3V, DeviceModelName[MV-CU013-A0UC], DeviceFirmwareVersion[V4.0.3 2501151470911 230925F1], DeviceMaxThroughput[375000]     Solution:
Info    2026-01-29 05:04:38  DevID:MV-CU013-A0UC(DA6038615)  Source-Line:libMvCameraControl.so(CInterfaceManager.cpp-L1708)     Description:U3V, Width[1280], Height[720], OffsetX[0], OffsetY[152], PixelFormat[0x108000a], AcquisitionMode[2]     Solution:
Info    2026-01-29 05:04:38  DevID:MV-CU013-A0UC(DA6038615)  Source-Line:libMvCameraControl.so(CInterfaceManager.cpp-L1713)     Description:U3V, TriggerMode[0], ResultingFrameRate[168.39], ExposureTime[1000.00], ExposureAuto[0], PayloadSize[921600]     Solution:
Info    2026-01-29 05:04:38  DevID:MV-CU013-A0UC(DA6038615)  Source-Line:libMvCameraControl.so(CInterfaceManager.cpp-L6260)     Description:CamCtrl RecvThread Start, ThreadId[2002495712]     Solution:
Info    2026-01-29 05:04:38  DevID:MV-CU013-A0UC(DA6038615)  Source-Line:libMvCameraControl.so(CInterfaceManager.cpp-L1792)     Description:There is no registration callback     Solution:
Info    2026-01-29 05:04:38  DevID:MV-CU013-A0UC(DA6038615)  Source-Line:libMvCameraControl.so(CInterfaceManager.cpp-L6028)     Description:CamCtrl Display Thread Start, ThreadId[1994041568]     Solution:
Info    2026-01-29 05:04:38  DevID:MV-CU013-A0UC(DA6038615)  Source-Line:libMvCameraControl.so(CInterfaceManager.cpp-L1797)     Description:[MV_CC_StartGrabbing] return[0x0]     Solution:
Info    2026-03-09 17:09:10  DevID:MV-CU013-A0UC(DA6038615)  Source-Line:libMvCameraControl.so(CInterfaceManager.cpp-L0809)     Description:Current dynamic library path[/root/dart_ws/install/hik_camera/lib/libMvCameraControl.so]     Solution:
Info    2026-03-09 17:09:10  DevID:MV-CU013-A0UC(DA6038615)  Source-Line:libMvCameraControl.so(CInterfaceManager.cpp-L0812)     Description:CamCtl_Version: 3.2.0.3     Solution:
Info    2026-03-09 17:09:10  DevID:MV-CU013-A0UC(DA6038615)  Source-Line:libMvCameraControl.so(CInterfaceManager.cpp-L0813)     Description:CamCtl_Description: BaseLine Build 20210715     Solution:
Info    2026-03-09 17:09:10  DevID:MV-CU013-A0UC(DA6038615)  Source-Line:libMvCameraControl.so(CInterfaceManager.cpp-L0815)     Description:[MV_CC_CreateHandle] return[0x0]     Solution:
Info    2026-03-09 17:09:10  DevID:MV-CU013-A0UC(DA6038615)  Source-Line:libMvCameraControl.so(CInterfaceManager.cpp-L6655)     Description:CamCtrl[0x3020003], U3V SDKVersion[0x3020003], DriverVersion[0x0]     Solution:
Info    2026-03-09 17:09:12  DevID:MV-CU013-A0UC(DA6038615)  Source-Line:libMvCameraControl.so(CInterfaceManager.cpp-L4229)     Description:[MV_CC_InvalidateNodes] return[0x0]     Solution:
Info    2026-03-09 17:09:12  DevID:MV-CU013-A0UC(DA6038615)  Source-Line:libMvCameraControl.so(CInterfaceManager.cpp-L1086)     Description:[MV_CC_OpenDevice] nPrivilegeMode[1], nSwitchoverKey[0], return[0x0]     Solution:
Info    2026-03-09 17:09:12  DevID:MV-CU013-A0UC(DA6038615)  Source-Line:libMvCameraControl.so(CInterfaceManager.cpp-L3677)     Description:[MV_CC_GetImageInfo] return[0x0]     Solution:
Info    2026-03-09 17:09:12  DevID:MV-CU013-A0UC(DA6038615)  Source-Line:libMvCameraControl.so(CInterfaceManager.cpp-L1703)     Description:U3V, DeviceModelName[MV-CU013-A0UC], DeviceFirmwareVersion[V4.0.3 2501151470911 230925F1], DeviceMaxThroughput[375000]     Solution:
Info    2026-03-09 17:09:12  DevID:MV-CU013-A0UC(DA6038615)  Source-Line:libMvCameraControl.so(CInterfaceManager.cpp-L1708)     Description:U3V, Width[1280], Height[720], OffsetX[0], OffsetY[152], PixelFormat[0x108000a], AcquisitionMode[2]     Solution:
Info    2026-03-09 17:09:12  DevID:MV-CU013-A0UC(DA6038615)  Source-Line:libMvCameraControl.so(CInterfaceManager.cpp-L1713)     Description:U3V, TriggerMode[0], ResultingFrameRate[168.39], ExposureTime[1000.00], ExposureAuto[0], PayloadSize[921600]     Solution:
Info    2026-03-09 17:09:12  DevID:MV-CU013-A0UC(DA6038615)  Source-Line:libMvCameraControl.so(CInterfaceManager.cpp-L6260)     Description:CamCtrl RecvThread Start, ThreadId[1620355296]     Solution:
Info    2026-03-09 17:09:12  DevID:MV-CU013-A0UC(DA6038615)  Source-Line:libMvCameraControl.so(CInterfaceManager.cpp-L1792)     Description:There is no registration callback     Solution:
Info    2026-03-09 17:09:12  DevID:MV-CU013-A0UC(DA6038615)  Source-Line:libMvCameraControl.so(CInterfaceManager.cpp-L6028)     Description:CamCtrl Display Thread Start, ThreadId[1543497952]     Solution:
Info    2026-03-09 17:09:12  DevID:MV-CU013-A0UC(DA6038615)  Source-Line:libMvCameraControl.so(CInterfaceManager.cpp-L1797)     Description:[MV_CC_StartGrabbing] return[0x0]     Solution:
Info    2026-03-09 17:21:14  DevID:MV-CU013-A0UC(DA6038615)  Source-Line:libMvCameraControl.so(CInterfaceManager.cpp-L0809)     Description:Current dynamic library path[/root/dart_ws/install/hik_camera/lib/libMvCameraControl.so]     Solution:
Info    2026-03-09 17:21:14  DevID:MV-CU013-A0UC(DA6038615)  Source-Line:libMvCameraControl.so(CInterfaceManager.cpp-L0812)     Description:CamCtl_Version: 3.2.0.3     Solution:
Info    2026-03-09 17:21:14  DevID:MV-CU013-A0UC(DA6038615)  Source-Line:libMvCameraControl.so(CInterfaceManager.cpp-L0813)     Description:CamCtl_Description: BaseLine Build 20210715     Solution:
Info    2026-03-09 17:21:14  DevID:MV-CU013-A0UC(DA6038615)  Source-Line:libMvCameraControl.so(CInterfaceManager.cpp-L0815)     Description:[MV_CC_CreateHandle] return[0x0]     Solution:
Info    2026-03-09 17:21:14  DevID:MV-CU013-A0UC(DA6038615)  Source-Line:libMvCameraControl.so(CInterfaceManager.cpp-L6655)     Description:CamCtrl[0x3020003], U3V SDKVersion[0x3020003], DriverVersion[0x0]     Solution:
Info    2026-03-09 17:21:16  DevID:MV-CU013-A0UC(DA6038615)  Source-Line:libMvCameraControl.so(CInterfaceManager.cpp-L4229)     Description:[MV_CC_InvalidateNodes] return[0x0]     Solution:
Info    2026-03-09 17:21:16  DevID:MV-CU013-A0UC(DA6038615)  Source-Line:libMvCameraControl.so(CInterfaceManager.cpp-L1086)     Description:[MV_CC_OpenDevice] nPrivilegeMode[1], nSwitchoverKey[0], return[0x0]     Solution:
Info    2026-03-09 17:21:16  DevID:MV-CU013-A0UC(DA6038615)  Source-Line:libMvCameraControl.so(CInterfaceManager.cpp-L3677)     Description:[MV_CC_GetImageInfo] return[0x0]     Solution:
Info    2026-03-09 17:21:17  DevID:MV-CU013-A0UC(DA6038615)  Source-Line:libMvCameraControl.so(CInterfaceManager.cpp-L1703)     Description:U3V, DeviceModelName[MV-CU013-A0UC], DeviceFirmwareVersion[V4.0.3 2501151470911 230925F1], DeviceMaxThroughput[375000]     Solution:
Info    2026-03-09 17:21:17  DevID:MV-CU013-A0UC(DA6038615)  Source-Line:libMvCameraControl.so(CInterfaceManager.cpp-L1708)     Description:U3V, Width[1280], Height[720], OffsetX[0], OffsetY[152], PixelFormat[0x108000a], AcquisitionMode[2]     Solution:
Info    2026-03-09 17:21:17  DevID:MV-CU013-A0UC(DA6038615)  Source-Line:libMvCameraControl.so(CInterfaceManager.cpp-L1713)     Description:U3V, TriggerMode[0], ResultingFrameRate[168.39], ExposureTime[1000.00], ExposureAuto[0], PayloadSize[921600]     Solution:
Info    2026-03-09 17:21:17  DevID:MV-CU013-A0UC(DA6038615)  Source-Line:libMvCameraControl.so(CInterfaceManager.cpp-L6260)     Description:CamCtrl RecvThread Start, ThreadId[1006627040]     Solution:
Info    2026-03-09 17:21:17  DevID:MV-CU013-A0UC(DA6038615)  Source-Line:libMvCameraControl.so(CInterfaceManager.cpp-L1792)     Description:There is no registration callback     Solution:
Info    2026-03-09 17:21:17  DevID:MV-CU013-A0UC(DA6038615)  Source-Line:libMvCameraControl.so(CInterfaceManager.cpp-L6028)     Description:CamCtrl Display Thread Start, ThreadId[998172896]     Solution:
Info    2026-03-09 17:21:17  DevID:MV-CU013-A0UC(DA6038615)  Source-Line:libMvCameraControl.so(CInterfaceManager.cpp-L1797)     Description:[MV_CC_StartGrabbing] return[0x0]     Solution:
Info    2026-03-09 17:21:27  DevID:MV-CU013-A0UC(DA6038615)  Source-Line:libMvCameraControl.so(CInterfaceManager.cpp-L1881)     Description:[StopGrabbing] return[0x0]     Solution:
Info    2026-03-09 17:21:27  DevID:MV-CU013-A0UC(DA6038615)  Source-Line:libMvCameraControl.so(CInterfaceManager.cpp-L6244)     Description:Display process exit     Solution:
Info    2026-03-09 17:21:28  DevID:MV-CU013-A0UC(DA6038615)  Source-Line:libMvCameraControl.so(CInterfaceManager.cpp-L6490)     Description:RecvThread Process Exit     Solution:
Info    2026-03-09 17:21:29  DevID:MV-CU013-A0UC(DA6038615)  Source-Line:libMvCameraControl.so(CInterfaceManager.cpp-L1166)     Description:[CloseDevice] return[0x0]     Solution:
Info    2026-03-09 17:21:53  DevID:MV-CU013-A0UC(DA6038615)  Source-Line:libMvCameraControl.so(CInterfaceManager.cpp-L0809)     Description:Current dynamic library path[/root/dart_ws/install/hik_camera/lib/libMvCameraControl.so]     Solution:
Info    2026-03-09 17:21:53  DevID:MV-CU013-A0UC(DA6038615)  Source-Line:libMvCameraControl.so(CInterfaceManager.cpp-L0812)     Description:CamCtl_Version: 3.2.0.3     Solution:
Info    2026-03-09 17:21:53  DevID:MV-CU013-A0UC(DA6038615)  Source-Line:libMvCameraControl.so(CInterfaceManager.cpp-L0813)     Description:CamCtl_Description: BaseLine Build 20210715     Solution:
Info    2026-03-09 17:21:53  DevID:MV-CU013-A0UC(DA6038615)  Source-Line:libMvCameraControl.so(CInterfaceManager.cpp-L0815)     Description:[MV_CC_CreateHandle] return[0x0]     Solution:
Info    2026-03-09 17:21:53  DevID:MV-CU013-A0UC(DA6038615)  Source-Line:libMvCameraControl.so(CInterfaceManager.cpp-L6655)     Description:CamCtrl[0x3020003], U3V SDKVersion[0x3020003], DriverVersion[0x0]     Solution:
Info    2026-03-09 17:21:54  DevID:MV-CU013-A0UC(DA6038615)  Source-Line:libMvCameraControl.so(CInterfaceManager.cpp-L4229)     Description:[MV_CC_InvalidateNodes] return[0x0]     Solution:
Info    2026-03-09 17:21:54  DevID:MV-CU013-A0UC(DA6038615)  Source-Line:libMvCameraControl.so(CInterfaceManager.cpp-L1086)     Description:[MV_CC_OpenDevice] nPrivilegeMode[1], nSwitchoverKey[0], return[0x0]     Solution:
Info    2026-03-09 17:21:54  DevID:MV-CU013-A0UC(DA6038615)  Source-Line:libMvCameraControl.so(CInterfaceManager.cpp-L3677)     Description:[MV_CC_GetImageInfo] return[0x0]     Solution:
Info    2026-03-09 17:21:54  DevID:MV-CU013-A0UC(DA6038615)  Source-Line:libMvCameraControl.so(CInterfaceManager.cpp-L1703)     Description:U3V, DeviceModelName[MV-CU013-A0UC], DeviceFirmwareVersion[V4.0.3 2501151470911 230925F1], DeviceMaxThroughput[375000]     Solution:
Info    2026-03-09 17:21:54  DevID:MV-CU013-A0UC(DA6038615)  Source-Line:libMvCameraControl.so(CInterfaceManager.cpp-L1708)     Description:U3V, Width[1280], Height[720], OffsetX[0], OffsetY[152], PixelFormat[0x108000a], AcquisitionMode[2]     Solution:
Info    2026-03-09 17:21:54  DevID:MV-CU013-A0UC(DA6038615)  Source-Line:libMvCameraControl.so(CInterfaceManager.cpp-L1713)     Description:U3V, TriggerMode[0], ResultingFrameRate[168.39], ExposureTime[1000.00], ExposureAuto[0], PayloadSize[921600]     Solution:
Info    2026-03-09 17:21:54  DevID:MV-CU013-A0UC(DA6038615)  Source-Line:libMvCameraControl.so(CInterfaceManager.cpp-L6260)     Description:CamCtrl RecvThread Start, ThreadId[1451993312]     Solution:
Info    2026-03-09 17:21:54  DevID:MV-CU013-A0UC(DA6038615)  Source-Line:libMvCameraControl.so(CInterfaceManager.cpp-L1792)     Description:There is no registration callback     Solution:
Info    2026-03-09 17:21:54  DevID:MV-CU013-A0UC(DA6038615)  Source-Line:libMvCameraControl.so(CInterfaceManager.cpp-L6028)     Description:CamCtrl Display Thread Start, ThreadId[1443539168]     Solution:
Info    2026-03-09 17:21:54  DevID:MV-CU013-A0UC(DA6038615)  Source-Line:libMvCameraControl.so(CInterfaceManager.cpp-L1797)     Description:[MV_CC_StartGrabbing] return[0x0]     Solution:
Info    2026-03-09 17:25:53  DevID:MV-CU013-A0UC(DA6038615)  Source-Line:libMvCameraControl.so(CInterfaceManager.cpp-L1881)     Description:[StopGrabbing] return[0x0]     Solution:
Info    2026-03-09 17:25:53  DevID:MV-CU013-A0UC(DA6038615)  Source-Line:libMvCameraControl.so(CInterfaceManager.cpp-L6490)     Description:RecvThread Process Exit     Solution:
Info    2026-03-09 17:25:53  DevID:MV-CU013-A0UC(DA6038615)  Source-Line:libMvCameraControl.so(CInterfaceManager.cpp-L6244)     Description:Display process exit     Solution:
Info    2026-03-09 17:25:54  DevID:MV-CU013-A0UC(DA6038615)  Source-Line:libMvCameraControl.so(CInterfaceManager.cpp-L1166)     Description:[CloseDevice] return[0x0]     Solution:
Info    2026-03-09 17:25:59  DevID:MV-CU013-A0UC(DA6038615)  Source-Line:libMvCameraControl.so(CInterfaceManager.cpp-L0809)     Description:Current dynamic library path[/root/dart_ws/install/hik_camera/lib/libMvCameraControl.so]     Solution:
Info    2026-03-09 17:25:59  DevID:MV-CU013-A0UC(DA6038615)  Source-Line:libMvCameraControl.so(CInterfaceManager.cpp-L0812)     Description:CamCtl_Version: 3.2.0.3     Solution:
Info    2026-03-09 17:25:59  DevID:MV-CU013-A0UC(DA6038615)  Source-Line:libMvCameraControl.so(CInterfaceManager.cpp-L0813)     Description:CamCtl_Description: BaseLine Build 20210715     Solution:
Info    2026-03-09 17:25:59  DevID:MV-CU013-A0UC(DA6038615)  Source-Line:libMvCameraControl.so(CInterfaceManager.cpp-L0815)     Description:[MV_CC_CreateHandle] return[0x0]     Solution:
Info    2026-03-09 17:25:59  DevID:MV-CU013-A0UC(DA6038615)  Source-Line:libMvCameraControl.so(CInterfaceManager.cpp-L6655)     Description:CamCtrl[0x3020003], U3V SDKVersion[0x3020003], DriverVersion[0x0]     Solution:
Info    2026-03-09 17:26:01  DevID:MV-CU013-A0UC(DA6038615)  Source-Line:libMvCameraControl.so(CInterfaceManager.cpp-L4229)     Description:[MV_CC_InvalidateNodes] return[0x0]     Solution:
Info    2026-03-09 17:26:01  DevID:MV-CU013-A0UC(DA6038615)  Source-Line:libMvCameraControl.so(CInterfaceManager.cpp-L1086)     Description:[MV_CC_OpenDevice] nPrivilegeMode[1], nSwitchoverKey[0], return[0x0]     Solution:
Info    2026-03-09 17:26:01  DevID:MV-CU013-A0UC(DA6038615)  Source-Line:libMvCameraControl.so(CInterfaceManager.cpp-L3677)     Description:[MV_CC_GetImageInfo] return[0x0]     Solution:
Info    2026-03-09 17:26:01  DevID:MV-CU013-A0UC(DA6038615)  Source-Line:libMvCameraControl.so(CInterfaceManager.cpp-L1703)     Description:U3V, DeviceModelName[MV-CU013-A0UC], DeviceFirmwareVersion[V4.0.3 2501151470911 230925F1], DeviceMaxThroughput[375000]     Solution:
Info    2026-03-09 17:26:01  DevID:MV-CU013-A0UC(DA6038615)  Source-Line:libMvCameraControl.so(CInterfaceManager.cpp-L1708)     Description:U3V, Width[1280], Height[720], OffsetX[0], OffsetY[152], PixelFormat[0x108000a], AcquisitionMode[2]     Solution:
Info    2026-03-09 17:26:01  DevID:MV-CU013-A0UC(DA6038615)  Source-Line:libMvCameraControl.so(CInterfaceManager.cpp-L1713)     Description:U3V, TriggerMode[0], ResultingFrameRate[168.39], ExposureTime[1000.00], ExposureAuto[0], PayloadSize[921600]     Solution:
Info    2026-03-09 17:26:01  DevID:MV-CU013-A0UC(DA6038615)  Source-Line:libMvCameraControl.so(CInterfaceManager.cpp-L6260)     Description:CamCtrl RecvThread Start, ThreadId[1830529248]     Solution:
Info    2026-03-09 17:26:01  DevID:MV-CU013-A0UC(DA6038615)  Source-Line:libMvCameraControl.so(CInterfaceManager.cpp-L1792)     Description:There is no registration callback     Solution:
Info    2026-03-09 17:26:01  DevID:MV-CU013-A0UC(DA6038615)  Source-Line:libMvCameraControl.so(CInterfaceManager.cpp-L6028)     Description:CamCtrl Display Thread Start, ThreadId[1822075104]     Solution:
Info    2026-03-09 17:26:01  DevID:MV-CU013-A0UC(DA6038615)  Source-Line:libMvCameraControl.so(CInterfaceManager.cpp-L1797)     Description:[MV_CC_StartGrabbing] return[0x0]     Solution:
Info    2026-03-09 17:26:03  DevID:MV-CU013-A0UC(DA6038615)  Source-Line:libMvCameraControl.so(CInterfaceManager.cpp-L1881)     Description:[StopGrabbing] return[0x0]     Solution:
Info    2026-03-09 17:26:03  DevID:MV-CU013-A0UC(DA6038615)  Source-Line:libMvCameraControl.so(CInterfaceManager.cpp-L6490)     Description:RecvThread Process Exit     Solution:
Info    2026-03-09 17:26:03  DevID:MV-CU013-A0UC(DA6038615)  Source-Line:libMvCameraControl.so(CInterfaceManager.cpp-L6244)     Description:Display process exit     Solution:
Info    2026-03-09 17:26:04  DevID:MV-CU013-A0UC(DA6038615)  Source-Line:libMvCameraControl.so(CInterfaceManager.cpp-L1166)     Description:[CloseDevice] return[0x0]     Solution:
Info    2026-03-09 17:26:14  DevID:MV-CU013-A0UC(DA6038615)  Source-Line:libMvCameraControl.so(CInterfaceManager.cpp-L0809)     Description:Current dynamic library path[/root/dart_ws/install/hik_camera/lib/libMvCameraControl.so]     Solution:
Info    2026-03-09 17:26:14  DevID:MV-CU013-A0UC(DA6038615)  Source-Line:libMvCameraControl.so(CInterfaceManager.cpp-L0812)     Description:CamCtl_Version: 3.2.0.3     Solution:
Info    2026-03-09 17:26:14  DevID:MV-CU013-A0UC(DA6038615)  Source-Line:libMvCameraControl.so(CInterfaceManager.cpp-L0813)     Description:CamCtl_Description: BaseLine Build 20210715     Solution:
Info    2026-03-09 17:26:14  DevID:MV-CU013-A0UC(DA6038615)  Source-Line:libMvCameraControl.so(CInterfaceManager.cpp-L0815)     Description:[MV_CC_CreateHandle] return[0x0]     Solution:
Info    2026-03-09 17:26:14  DevID:MV-CU013-A0UC(DA6038615)  Source-Line:libMvCameraControl.so(CInterfaceManager.cpp-L6655)     Description:CamCtrl[0x3020003], U3V SDKVersion[0x3020003], DriverVersion[0x0]     Solution:
Info    2026-03-09 17:26:15  DevID:MV-CU013-A0UC(DA6038615)  Source-Line:libMvCameraControl.so(CInterfaceManager.cpp-L4229)     Description:[MV_CC_InvalidateNodes] return[0x0]     Solution:
Info    2026-03-09 17:26:15  DevID:MV-CU013-A0UC(DA6038615)  Source-Line:libMvCameraControl.so(CInterfaceManager.cpp-L1086)     Description:[MV_CC_OpenDevice] nPrivilegeMode[1], nSwitchoverKey[0], return[0x0]     Solution:
Info    2026-03-09 17:26:15  DevID:MV-CU013-A0UC(DA6038615)  Source-Line:libMvCameraControl.so(CInterfaceManager.cpp-L3677)     Description:[MV_CC_GetImageInfo] return[0x0]     Solution:
Info    2026-03-09 17:26:16  DevID:MV-CU013-A0UC(DA6038615)  Source-Line:libMvCameraControl.so(CInterfaceManager.cpp-L1703)     Description:U3V, DeviceModelName[MV-CU013-A0UC], DeviceFirmwareVersion[V4.0.3 2501151470911 230925F1], DeviceMaxThroughput[375000]     Solution:
Info    2026-03-09 17:26:16  DevID:MV-CU013-A0UC(DA6038615)  Source-Line:libMvCameraControl.so(CInterfaceManager.cpp-L1708)     Description:U3V, Width[1280], Height[720], OffsetX[0], OffsetY[152], PixelFormat[0x108000a], AcquisitionMode[2]     Solution:
Info    2026-03-09 17:26:16  DevID:MV-CU013-A0UC(DA6038615)  Source-Line:libMvCameraControl.so(CInterfaceManager.cpp-L1713)     Description:U3V, TriggerMode[0], ResultingFrameRate[168.39], ExposureTime[1000.00], ExposureAuto[0], PayloadSize[921600]     Solution:
Info    2026-03-09 17:26:16  DevID:MV-CU013-A0UC(DA6038615)  Source-Line:libMvCameraControl.so(CInterfaceManager.cpp-L6260)     Description:CamCtrl RecvThread Start, ThreadId[1535043808]     Solution:
Info    2026-03-09 17:26:16  DevID:MV-CU013-A0UC(DA6038615)  Source-Line:libMvCameraControl.so(CInterfaceManager.cpp-L1792)     Description:There is no registration callback     Solution:
Info    2026-03-09 17:26:16  DevID:MV-CU013-A0UC(DA6038615)  Source-Line:libMvCameraControl.so(CInterfaceManager.cpp-L6028)     Description:CamCtrl Display Thread Start, ThreadId[1526589664]     Solution:
Info    2026-03-09 17:26:16  DevID:MV-CU013-A0UC(DA6038615)  Source-Line:libMvCameraControl.so(CInterfaceManager.cpp-L1797)     Description:[MV_CC_StartGrabbing] return[0x0]     Solution:
Info    2026-03-09 17:35:10  DevID:MV-CU013-A0UC(DA6038615)  Source-Line:libMvCameraControl.so(CInterfaceManager.cpp-L0809)     Description:Current dynamic library path[/root/dart_ws/install/hik_camera/lib/libMvCameraControl.so]     Solution:
Info    2026-03-09 17:35:10  DevID:MV-CU013-A0UC(DA6038615)  Source-Line:libMvCameraControl.so(CInterfaceManager.cpp-L0812)     Description:CamCtl_Version: 3.2.0.3     Solution:
Info    2026-03-09 17:35:10  DevID:MV-CU013-A0UC(DA6038615)  Source-Line:libMvCameraControl.so(CInterfaceManager.cpp-L0813)     Description:CamCtl_Description: BaseLine Build 20210715     Solution:
Info    2026-03-09 17:35:10  DevID:MV-CU013-A0UC(DA6038615)  Source-Line:libMvCameraControl.so(CInterfaceManager.cpp-L0815)     Description:[MV_CC_CreateHandle] return[0x0]     Solution:
Info    2026-03-09 17:35:10  DevID:MV-CU013-A0UC(DA6038615)  Source-Line:libMvCameraControl.so(CInterfaceManager.cpp-L6655)     Description:CamCtrl[0x3020003], U3V SDKVersion[0x3020003], DriverVersion[0x0]     Solution:
Info    2026-03-09 17:35:11  DevID:MV-CU013-A0UC(DA6038615)  Source-Line:libMvCameraControl.so(CInterfaceManager.cpp-L4229)     Description:[MV_CC_InvalidateNodes] return[0x0]     Solution:
Info    2026-03-09 17:35:11  DevID:MV-CU013-A0UC(DA6038615)  Source-Line:libMvCameraControl.so(CInterfaceManager.cpp-L1086)     Description:[MV_CC_OpenDevice] nPrivilegeMode[1], nSwitchoverKey[0], return[0x0]     Solution:
Info    2026-03-09 17:35:11  DevID:MV-CU013-A0UC(DA6038615)  Source-Line:libMvCameraControl.so(CInterfaceManager.cpp-L3677)     Description:[MV_CC_GetImageInfo] return[0x0]     Solution:
Info    2026-03-09 17:35:12  DevID:MV-CU013-A0UC(DA6038615)  Source-Line:libMvCameraControl.so(CInterfaceManager.cpp-L1703)     Description:U3V, DeviceModelName[MV-CU013-A0UC], DeviceFirmwareVersion[V4.0.3 2501151470911 230925F1], DeviceMaxThroughput[375000]     Solution:
Info    2026-03-09 17:35:12  DevID:MV-CU013-A0UC(DA6038615)  Source-Line:libMvCameraControl.so(CInterfaceManager.cpp-L1708)     Description:U3V, Width[1280], Height[720], OffsetX[0], OffsetY[152], PixelFormat[0x108000a], AcquisitionMode[2]     Solution:
Info    2026-03-09 17:35:12  DevID:MV-CU013-A0UC(DA6038615)  Source-Line:libMvCameraControl.so(CInterfaceManager.cpp-L1713)     Description:U3V, TriggerMode[0], ResultingFrameRate[168.39], ExposureTime[1000.00], ExposureAuto[0], PayloadSize[921600]     Solution:
Info    2026-03-09 17:35:12  DevID:MV-CU013-A0UC(DA6038615)  Source-Line:libMvCameraControl.so(CInterfaceManager.cpp-L6260)     Description:CamCtrl RecvThread Start, ThreadId[1980672224]     Solution:
Info    2026-03-09 17:35:12  DevID:MV-CU013-A0UC(DA6038615)  Source-Line:libMvCameraControl.so(CInterfaceManager.cpp-L1792)     Description:There is no registration callback     Solution:
Info    2026-03-09 17:35:12  DevID:MV-CU013-A0UC(DA6038615)  Source-Line:libMvCameraControl.so(CInterfaceManager.cpp-L6028)     Description:CamCtrl Display Thread Start, ThreadId[1972218080]     Solution:
Info    2026-03-09 17:35:12  DevID:MV-CU013-A0UC(DA6038615)  Source-Line:libMvCameraControl.so(CInterfaceManager.cpp-L1797)     Description:[MV_CC_StartGrabbing] return[0x0]     Solution:
Info    2026-03-09 22:33:07  DevID:MV-CU013-A0UC(DA6038615)  Source-Line:libMvCameraControl.so(CInterfaceManager.cpp-L0809)     Description:Current dynamic library path[/root/dart_ws/install/hik_camera/lib/libMvCameraControl.so]     Solution:
Info    2026-03-09 22:33:07  DevID:MV-CU013-A0UC(DA6038615)  Source-Line:libMvCameraControl.so(CInterfaceManager.cpp-L0812)     Description:CamCtl_Version: 3.2.0.3     Solution:
Info    2026-03-09 22:33:07  DevID:MV-CU013-A0UC(DA6038615)  Source-Line:libMvCameraControl.so(CInterfaceManager.cpp-L0813)     Description:CamCtl_Description: BaseLine Build 20210715     Solution:
Info    2026-03-09 22:33:07  DevID:MV-CU013-A0UC(DA6038615)  Source-Line:libMvCameraControl.so(CInterfaceManager.cpp-L0815)     Description:[MV_CC_CreateHandle] return[0x0]     Solution:
Info    2026-03-09 22:33:07  DevID:MV-CU013-A0UC(DA6038615)  Source-Line:libMvCameraControl.so(CInterfaceManager.cpp-L6655)     Description:CamCtrl[0x3020003], U3V SDKVersion[0x3020003], DriverVersion[0x0]     Solution:
Info    2026-03-09 22:33:08  DevID:MV-CU013-A0UC(DA6038615)  Source-Line:libMvCameraControl.so(CInterfaceManager.cpp-L4229)     Description:[MV_CC_InvalidateNodes] return[0x0]     Solution:
Info    2026-03-09 22:33:08  DevID:MV-CU013-A0UC(DA6038615)  Source-Line:libMvCameraControl.so(CInterfaceManager.cpp-L1086)     Description:[MV_CC_OpenDevice] nPrivilegeMode[1], nSwitchoverKey[0], return[0x0]     Solution:
Info    2026-03-09 22:33:08  DevID:MV-CU013-A0UC(DA6038615)  Source-Line:libMvCameraControl.so(CInterfaceManager.cpp-L3677)     Description:[MV_CC_GetImageInfo] return[0x0]     Solution:
Info    2026-03-09 22:33:09  DevID:MV-CU013-A0UC(DA6038615)  Source-Line:libMvCameraControl.so(CInterfaceManager.cpp-L1703)     Description:U3V, DeviceModelName[MV-CU013-A0UC], DeviceFirmwareVersion[V4.0.3 2501151470911 230925F1], DeviceMaxThroughput[375000]     Solution:
Info    2026-03-09 22:33:09  DevID:MV-CU013-A0UC(DA6038615)  Source-Line:libMvCameraControl.so(CInterfaceManager.cpp-L1708)     Description:U3V, Width[1280], Height[720], OffsetX[0], OffsetY[152], PixelFormat[0x108000a], AcquisitionMode[2]     Solution:
Info    2026-03-09 22:33:09  DevID:MV-CU013-A0UC(DA6038615)  Source-Line:libMvCameraControl.so(CInterfaceManager.cpp-L1713)     Description:U3V, TriggerMode[0], ResultingFrameRate[168.39], ExposureTime[1000.00], ExposureAuto[0], PayloadSize[921600]     Solution:
Info    2026-03-09 22:33:09  DevID:MV-CU013-A0UC(DA6038615)  Source-Line:libMvCameraControl.so(CInterfaceManager.cpp-L6260)     Description:CamCtrl RecvThread Start, ThreadId[1065281760]     Solution:
Info    2026-03-09 22:33:09  DevID:MV-CU013-A0UC(DA6038615)  Source-Line:libMvCameraControl.so(CInterfaceManager.cpp-L1792)     Description:There is no registration callback     Solution:
Info    2026-03-09 22:33:09  DevID:MV-CU013-A0UC(DA6038615)  Source-Line:libMvCameraControl.so(CInterfaceManager.cpp-L6028)     Description:CamCtrl Display Thread Start, ThreadId[1056827616]     Solution:
Info    2026-03-09 22:33:09  DevID:MV-CU013-A0UC(DA6038615)  Source-Line:libMvCameraControl.so(CInterfaceManager.cpp-L1797)     Description:[MV_CC_StartGrabbing] return[0x0]     Solution:
Info    2026-03-09 22:39:17  DevID:MV-CU013-A0UC(DA6038615)  Source-Line:libMvCameraControl.so(CInterfaceManager.cpp-L0809)     Description:Current dynamic library path[/root/dart_ws/install/hik_camera/lib/libMvCameraControl.so]     Solution:
Info    2026-03-09 22:39:17  DevID:MV-CU013-A0UC(DA6038615)  Source-Line:libMvCameraControl.so(CInterfaceManager.cpp-L0812)     Description:CamCtl_Version: 3.2.0.3     Solution:
Info    2026-03-09 22:39:17  DevID:MV-CU013-A0UC(DA6038615)  Source-Line:libMvCameraControl.so(CInterfaceManager.cpp-L0813)     Description:CamCtl_Description: BaseLine Build 20210715     Solution:
Info    2026-03-09 22:39:17  DevID:MV-CU013-A0UC(DA6038615)  Source-Line:libMvCameraControl.so(CInterfaceManager.cpp-L0815)     Description:[MV_CC_CreateHandle] return[0x0]     Solution:
Info    2026-03-09 22:39:17  DevID:MV-CU013-A0UC(DA6038615)  Source-Line:libMvCameraControl.so(CInterfaceManager.cpp-L6655)     Description:CamCtrl[0x3020003], U3V SDKVersion[0x3020003], DriverVersion[0x0]     Solution:
Info    2026-03-09 22:39:19  DevID:MV-CU013-A0UC(DA6038615)  Source-Line:libMvCameraControl.so(CInterfaceManager.cpp-L4229)     Description:[MV_CC_InvalidateNodes] return[0x0]     Solution:
Info    2026-03-09 22:39:19  DevID:MV-CU013-A0UC(DA6038615)  Source-Line:libMvCameraControl.so(CInterfaceManager.cpp-L1086)     Description:[MV_CC_OpenDevice] nPrivilegeMode[1], nSwitchoverKey[0], return[0x0]     Solution:
Info    2026-03-09 22:39:19  DevID:MV-CU013-A0UC(DA6038615)  Source-Line:libMvCameraControl.so(CInterfaceManager.cpp-L3677)     Description:[MV_CC_GetImageInfo] return[0x0]     Solution:
Info    2026-03-09 22:39:19  DevID:MV-CU013-A0UC(DA6038615)  Source-Line:libMvCameraControl.so(CInterfaceManager.cpp-L1703)     Description:U3V, DeviceModelName[MV-CU013-A0UC], DeviceFirmwareVersion[V4.0.3 2501151470911 230925F1], DeviceMaxThroughput[375000]     Solution:
Info    2026-03-09 22:39:19  DevID:MV-CU013-A0UC(DA6038615)  Source-Line:libMvCameraControl.so(CInterfaceManager.cpp-L1708)     Description:U3V, Width[1280], Height[720], OffsetX[0], OffsetY[152], PixelFormat[0x108000a], AcquisitionMode[2]     Solution:
Info    2026-03-09 22:39:19  DevID:MV-CU013-A0UC(DA6038615)  Source-Line:libMvCameraControl.so(CInterfaceManager.cpp-L1713)     Description:U3V, TriggerMode[0], ResultingFrameRate[168.39], ExposureTime[1000.00], ExposureAuto[0], PayloadSize[921600]     Solution:
Info    2026-03-09 22:39:19  DevID:MV-CU013-A0UC(DA6038615)  Source-Line:libMvCameraControl.so(CInterfaceManager.cpp-L6260)     Description:CamCtrl RecvThread Start, ThreadId[1736370400]     Solution:
Info    2026-03-09 22:39:19  DevID:MV-CU013-A0UC(DA6038615)  Source-Line:libMvCameraControl.so(CInterfaceManager.cpp-L1792)     Description:There is no registration callback     Solution:
Info    2026-03-09 22:39:19  DevID:MV-CU013-A0UC(DA6038615)  Source-Line:libMvCameraControl.so(CInterfaceManager.cpp-L6028)     Description:CamCtrl Display Thread Start, ThreadId[1727916256]     Solution:
Info    2026-03-09 22:39:19  DevID:MV-CU013-A0UC(DA6038615)  Source-Line:libMvCameraControl.so(CInterfaceManager.cpp-L1797)     Description:[MV_CC_StartGrabbing] return[0x0]     Solution:
Info    2000-01-01 08:00:59  DevID:MV-CU013-A0UC(DA6038615)  Source-Line:libMvCameraControl.so(CInterfaceManager.cpp-L0809)     Description:Current dynamic library path[/root/dart_ws/install/hik_camera/lib/libMvCameraControl.so]     Solution:
Info    2000-01-01 08:00:59  DevID:MV-CU013-A0UC(DA6038615)  Source-Line:libMvCameraControl.so(CInterfaceManager.cpp-L0812)     Description:CamCtl_Version: 3.2.0.3     Solution:
Info    2000-01-01 08:00:59  DevID:MV-CU013-A0UC(DA6038615)  Source-Line:libMvCameraControl.so(CInterfaceManager.cpp-L0813)     Description:CamCtl_Description: BaseLine Build 20210715     Solution:
Info    2000-01-01 08:00:59  DevID:MV-CU013-A0UC(DA6038615)  Source-Line:libMvCameraControl.so(CInterfaceManager.cpp-L0815)     Description:[MV_CC_CreateHandle] return[0x0]     Solution:
Info    2000-01-01 08:00:59  DevID:MV-CU013-A0UC(DA6038615)  Source-Line:libMvCameraControl.so(CInterfaceManager.cpp-L6655)     Description:CamCtrl[0x3020003], U3V SDKVersion[0x3020003], DriverVersion[0x0]     Solution:
Info    2000-01-01 08:01:00  DevID:MV-CU013-A0UC(DA6038615)  Source-Line:libMvCameraControl.so(CInterfaceManager.cpp-L4229)     Description:[MV_CC_InvalidateNodes] return[0x0]     Solution:
Info    2000-01-01 08:01:00  DevID:MV-CU013-A0UC(DA6038615)  Source-Line:libMvCameraControl.so(CInterfaceManager.cpp-L1086)     Description:[MV_CC_OpenDevice] nPrivilegeMode[1], nSwitchoverKey[0], return[0x0]     Solution:
Info    2000-01-01 08:01:00  DevID:MV-CU013-A0UC(DA6038615)  Source-Line:libMvCameraControl.so(CInterfaceManager.cpp-L3677)     Description:[MV_CC_GetImageInfo] return[0x0]     Solution:
Info    2000-01-01 08:01:01  DevID:MV-CU013-A0UC(DA6038615)  Source-Line:libMvCameraControl.so(CInterfaceManager.cpp-L1703)     Description:U3V, DeviceModelName[MV-CU013-A0UC], DeviceFirmwareVersion[V4.0.3 2501151470911 230925F1], DeviceMaxThroughput[375000]     Solution:
Info    2000-01-01 08:01:01  DevID:MV-CU013-A0UC(DA6038615)  Source-Line:libMvCameraControl.so(CInterfaceManager.cpp-L1708)     Description:U3V, Width[1280], Height[720], OffsetX[0], OffsetY[152], PixelFormat[0x108000a], AcquisitionMode[2]     Solution:
Info    2000-01-01 08:01:01  DevID:MV-CU013-A0UC(DA6038615)  Source-Line:libMvCameraControl.so(CInterfaceManager.cpp-L1713)     Description:U3V, TriggerMode[0], ResultingFrameRate[168.39], ExposureTime[1000.00], ExposureAuto[0], PayloadSize[921600]     Solution:
Info    2000-01-01 08:01:01  DevID:MV-CU013-A0UC(DA6038615)  Source-Line:libMvCameraControl.so(CInterfaceManager.cpp-L6260)     Description:CamCtrl RecvThread Start, ThreadId[1199220960]     Solution:
Info    2000-01-01 08:01:01  DevID:MV-CU013-A0UC(DA6038615)  Source-Line:libMvCameraControl.so(CInterfaceManager.cpp-L1792)     Description:There is no registration callback     Solution:
Info    2000-01-01 08:01:01  DevID:MV-CU013-A0UC(DA6038615)  Source-Line:libMvCameraControl.so(CInterfaceManager.cpp-L6028)     Description:CamCtrl Display Thread Start, ThreadId[1190766816]     Solution:
Info    2000-01-01 08:01:01  DevID:MV-CU013-A0UC(DA6038615)  Source-Line:libMvCameraControl.so(CInterfaceManager.cpp-L1797)     Description:[MV_CC_StartGrabbing] return[0x0]     Solution:
Info    2026-03-09 23:00:20  DevID:MV-CU013-A0UC(DA6038615)  Source-Line:libMvCameraControl.so(CInterfaceManager.cpp-L1881)     Description:[StopGrabbing] return[0x0]     Solution:
Info    2026-03-09 23:00:20  DevID:MV-CU013-A0UC(DA6038615)  Source-Line:libMvCameraControl.so(CInterfaceManager.cpp-L6244)     Description:Display process exit     Solution:
Info    2026-03-09 23:00:20  DevID:MV-CU013-A0UC(DA6038615)  Source-Line:libMvCameraControl.so(CInterfaceManager.cpp-L6490)     Description:RecvThread Process Exit     Solution:
Info    2026-03-09 23:00:21  DevID:MV-CU013-A0UC(DA6038615)  Source-Line:libMvCameraControl.so(CInterfaceManager.cpp-L1166)     Description:[CloseDevice] return[0x0]     Solution:
Info    2026-03-09 23:15:34  DevID:MV-CU013-A0UC(DA6038615)  Source-Line:libMvCameraControl.so(CInterfaceManager.cpp-L0809)     Description:Current dynamic library path[/root/dart_ws/install/hik_camera/lib/libMvCameraControl.so]     Solution:
Info    2026-03-09 23:15:34  DevID:MV-CU013-A0UC(DA6038615)  Source-Line:libMvCameraControl.so(CInterfaceManager.cpp-L0812)     Description:CamCtl_Version: 3.2.0.3     Solution:
Info    2026-03-09 23:15:34  DevID:MV-CU013-A0UC(DA6038615)  Source-Line:libMvCameraControl.so(CInterfaceManager.cpp-L0813)     Description:CamCtl_Description: BaseLine Build 20210715     Solution:
Info    2026-03-09 23:15:34  DevID:MV-CU013-A0UC(DA6038615)  Source-Line:libMvCameraControl.so(CInterfaceManager.cpp-L0815)     Description:[MV_CC_CreateHandle] return[0x0]     Solution:
Info    2026-03-09 23:15:34  DevID:MV-CU013-A0UC(DA6038615)  Source-Line:libMvCameraControl.so(CInterfaceManager.cpp-L6655)     Description:CamCtrl[0x3020003], U3V SDKVersion[0x3020003], DriverVersion[0x0]     Solution:
Info    2026-03-09 23:15:35  DevID:MV-CU013-A0UC(DA6038615)  Source-Line:libMvCameraControl.so(CInterfaceManager.cpp-L4229)     Description:[MV_CC_InvalidateNodes] return[0x0]     Solution:
Info    2026-03-09 23:15:35  DevID:MV-CU013-A0UC(DA6038615)  Source-Line:libMvCameraControl.so(CInterfaceManager.cpp-L1086)     Description:[MV_CC_OpenDevice] nPrivilegeMode[1], nSwitchoverKey[0], return[0x0]     Solution:
Info    2026-03-09 23:15:35  DevID:MV-CU013-A0UC(DA6038615)  Source-Line:libMvCameraControl.so(CInterfaceManager.cpp-L3677)     Description:[MV_CC_GetImageInfo] return[0x0]     Solution:
Info    2026-03-09 23:15:35  DevID:MV-CU013-A0UC(DA6038615)  Source-Line:libMvCameraControl.so(CInterfaceManager.cpp-L1703)     Description:U3V, DeviceModelName[MV-CU013-A0UC], DeviceFirmwareVersion[V4.0.3 2501151470911 230925F1], DeviceMaxThroughput[375000]     Solution:
Info    2026-03-09 23:15:35  DevID:MV-CU013-A0UC(DA6038615)  Source-Line:libMvCameraControl.so(CInterfaceManager.cpp-L1708)     Description:U3V, Width[1280], Height[720], OffsetX[0], OffsetY[152], PixelFormat[0x108000a], AcquisitionMode[2]     Solution:
Info    2026-03-09 23:15:35  DevID:MV-CU013-A0UC(DA6038615)  Source-Line:libMvCameraControl.so(CInterfaceManager.cpp-L1713)     Description:U3V, TriggerMode[0], ResultingFrameRate[168.39], ExposureTime[1000.00], ExposureAuto[0], PayloadSize[921600]     Solution:
Info    2026-03-09 23:15:35  DevID:MV-CU013-A0UC(DA6038615)  Source-Line:libMvCameraControl.so(CInterfaceManager.cpp-L6260)     Description:CamCtrl RecvThread Start, ThreadId[1833740512]     Solution:
Info    2026-03-09 23:15:35  DevID:MV-CU013-A0UC(DA6038615)  Source-Line:libMvCameraControl.so(CInterfaceManager.cpp-L1792)     Description:There is no registration callback     Solution:
Info    2026-03-09 23:15:35  DevID:MV-CU013-A0UC(DA6038615)  Source-Line:libMvCameraControl.so(CInterfaceManager.cpp-L6028)     Description:CamCtrl Display Thread Start, ThreadId[1825286368]     Solution:
Info    2026-03-09 23:15:35  DevID:MV-CU013-A0UC(DA6038615)  Source-Line:libMvCameraControl.so(CInterfaceManager.cpp-L1797)     Description:[MV_CC_StartGrabbing] return[0x0]     Solution:
Info    2026-03-09 23:19:55  DevID:MV-CU013-A0UC(DA6038615)  Source-Line:libMvCameraControl.so(CInterfaceManager.cpp-L1881)     Description:[StopGrabbing] return[0x0]     Solution:
Info    2026-03-09 23:19:55  DevID:MV-CU013-A0UC(DA6038615)  Source-Line:libMvCameraControl.so(CInterfaceManager.cpp-L6244)     Description:Display process exit     Solution:
Info    2026-03-09 23:19:55  DevID:MV-CU013-A0UC(DA6038615)  Source-Line:libMvCameraControl.so(CInterfaceManager.cpp-L6490)     Description:RecvThread Process Exit     Solution:
Info    2026-03-09 23:19:57  DevID:MV-CU013-A0UC(DA6038615)  Source-Line:libMvCameraControl.so(CInterfaceManager.cpp-L1166)     Description:[CloseDevice] return[0x0]     Solution:
Info    2026-03-09 23:20:24  DevID:MV-CU013-A0UC(DA6038615)  Source-Line:libMvCameraControl.so(CInterfaceManager.cpp-L0809)     Description:Current dynamic library path[/root/dart_ws/install/hik_camera/lib/libMvCameraControl.so]     Solution:
Info    2026-03-09 23:20:24  DevID:MV-CU013-A0UC(DA6038615)  Source-Line:libMvCameraControl.so(CInterfaceManager.cpp-L0812)     Description:CamCtl_Version: 3.2.0.3     Solution:
Info    2026-03-09 23:20:24  DevID:MV-CU013-A0UC(DA6038615)  Source-Line:libMvCameraControl.so(CInterfaceManager.cpp-L0813)     Description:CamCtl_Description: BaseLine Build 20210715     Solution:
Info    2026-03-09 23:20:24  DevID:MV-CU013-A0UC(DA6038615)  Source-Line:libMvCameraControl.so(CInterfaceManager.cpp-L0815)     Description:[MV_CC_CreateHandle] return[0x0]     Solution:
Info    2026-03-09 23:20:24  DevID:MV-CU013-A0UC(DA6038615)  Source-Line:libMvCameraControl.so(CInterfaceManager.cpp-L6655)     Description:CamCtrl[0x3020003], U3V SDKVersion[0x3020003], DriverVersion[0x0]     Solution:
Info    2026-03-09 23:20:25  DevID:MV-CU013-A0UC(DA6038615)  Source-Line:libMvCameraControl.so(CInterfaceManager.cpp-L4229)     Description:[MV_CC_InvalidateNodes] return[0x0]     Solution:
Info    2026-03-09 23:20:25  DevID:MV-CU013-A0UC(DA6038615)  Source-Line:libMvCameraControl.so(CInterfaceManager.cpp-L1086)     Description:[MV_CC_OpenDevice] nPrivilegeMode[1], nSwitchoverKey[0], return[0x0]     Solution:
Info    2026-03-09 23:20:25  DevID:MV-CU013-A0UC(DA6038615)  Source-Line:libMvCameraControl.so(CInterfaceManager.cpp-L3677)     Description:[MV_CC_GetImageInfo] return[0x0]     Solution:
Info    2026-03-09 23:20:25  DevID:MV-CU013-A0UC(DA6038615)  Source-Line:libMvCameraControl.so(CInterfaceManager.cpp-L1703)     Description:U3V, DeviceModelName[MV-CU013-A0UC], DeviceFirmwareVersion[V4.0.3 2501151470911 230925F1], DeviceMaxThroughput[375000]     Solution:
Info    2026-03-09 23:20:25  DevID:MV-CU013-A0UC(DA6038615)  Source-Line:libMvCameraControl.so(CInterfaceManager.cpp-L1708)     Description:U3V, Width[1280], Height[720], OffsetX[0], OffsetY[152], PixelFormat[0x108000a], AcquisitionMode[2]     Solution:
Info    2026-03-09 23:20:25  DevID:MV-CU013-A0UC(DA6038615)  Source-Line:libMvCameraControl.so(CInterfaceManager.cpp-L1713)     Description:U3V, TriggerMode[0], ResultingFrameRate[126.01], ExposureTime[3000.00], ExposureAuto[0], PayloadSize[921600]     Solution:
Info    2026-03-09 23:20:25  DevID:MV-CU013-A0UC(DA6038615)  Source-Line:libMvCameraControl.so(CInterfaceManager.cpp-L6260)     Description:CamCtrl RecvThread Start, ThreadId[1051109600]     Solution:
Info    2026-03-09 23:20:25  DevID:MV-CU013-A0UC(DA6038615)  Source-Line:libMvCameraControl.so(CInterfaceManager.cpp-L1792)     Description:There is no registration callback     Solution:
Info    2026-03-09 23:20:25  DevID:MV-CU013-A0UC(DA6038615)  Source-Line:libMvCameraControl.so(CInterfaceManager.cpp-L6028)     Description:CamCtrl Display Thread Start, ThreadId[1042655456]     Solution:
Info    2026-03-09 23:20:25  DevID:MV-CU013-A0UC(DA6038615)  Source-Line:libMvCameraControl.so(CInterfaceManager.cpp-L1797)     Description:[MV_CC_StartGrabbing] return[0x0]     Solution:
Info    2026-03-09 23:23:03  DevID:MV-CU013-A0UC(DA6038615)  Source-Line:libMvCameraControl.so(CInterfaceManager.cpp-L1881)     Description:[StopGrabbing] return[0x0]     Solution:
Info    2026-03-09 23:23:03  DevID:MV-CU013-A0UC(DA6038615)  Source-Line:libMvCameraControl.so(CInterfaceManager.cpp-L6244)     Description:Display process exit     Solution:
Info    2026-03-09 23:23:03  DevID:MV-CU013-A0UC(DA6038615)  Source-Line:libMvCameraControl.so(CInterfaceManager.cpp-L6490)     Description:RecvThread Process Exit     Solution:
Info    2026-03-09 23:23:04  DevID:MV-CU013-A0UC(DA6038615)  Source-Line:libMvCameraControl.so(CInterfaceManager.cpp-L1166)     Description:[CloseDevice] return[0x0]     Solution:
Info    2026-03-09 23:23:26  DevID:MV-CU013-A0UC(DA6038615)  Source-Line:libMvCameraControl.so(CInterfaceManager.cpp-L0809)     Description:Current dynamic library path[/root/dart_ws/install/hik_camera/lib/libMvCameraControl.so]     Solution:
Info    2026-03-09 23:23:26  DevID:MV-CU013-A0UC(DA6038615)  Source-Line:libMvCameraControl.so(CInterfaceManager.cpp-L0812)     Description:CamCtl_Version: 3.2.0.3     Solution:
Info    2026-03-09 23:23:26  DevID:MV-CU013-A0UC(DA6038615)  Source-Line:libMvCameraControl.so(CInterfaceManager.cpp-L0813)     Description:CamCtl_Description: BaseLine Build 20210715     Solution:
Info    2026-03-09 23:23:26  DevID:MV-CU013-A0UC(DA6038615)  Source-Line:libMvCameraControl.so(CInterfaceManager.cpp-L0815)     Description:[MV_CC_CreateHandle] return[0x0]     Solution:
Info    2026-03-09 23:23:26  DevID:MV-CU013-A0UC(DA6038615)  Source-Line:libMvCameraControl.so(CInterfaceManager.cpp-L6655)     Description:CamCtrl[0x3020003], U3V SDKVersion[0x3020003], DriverVersion[0x0]     Solution:
Info    2026-03-09 23:23:27  DevID:MV-CU013-A0UC(DA6038615)  Source-Line:libMvCameraControl.so(CInterfaceManager.cpp-L4229)     Description:[MV_CC_InvalidateNodes] return[0x0]     Solution:
Info    2026-03-09 23:23:27  DevID:MV-CU013-A0UC(DA6038615)  Source-Line:libMvCameraControl.so(CInterfaceManager.cpp-L1086)     Description:[MV_CC_OpenDevice] nPrivilegeMode[1], nSwitchoverKey[0], return[0x0]     Solution:
Info    2026-03-09 23:23:27  DevID:MV-CU013-A0UC(DA6038615)  Source-Line:libMvCameraControl.so(CInterfaceManager.cpp-L3677)     Description:[MV_CC_GetImageInfo] return[0x0]     Solution:
Info    2026-03-09 23:23:27  DevID:MV-CU013-A0UC(DA6038615)  Source-Line:libMvCameraControl.so(CInterfaceManager.cpp-L1703)     Description:U3V, DeviceModelName[MV-CU013-A0UC], DeviceFirmwareVersion[V4.0.3 2501151470911 230925F1], DeviceMaxThroughput[375000]     Solution:
Info    2026-03-09 23:23:27  DevID:MV-CU013-A0UC(DA6038615)  Source-Line:libMvCameraControl.so(CInterfaceManager.cpp-L1708)     Description:U3V, Width[1280], Height[720], OffsetX[0], OffsetY[152], PixelFormat[0x108000a], AcquisitionMode[2]     Solution:
Info    2026-03-09 23:23:27  DevID:MV-CU013-A0UC(DA6038615)  Source-Line:libMvCameraControl.so(CInterfaceManager.cpp-L1713)     Description:U3V, TriggerMode[0], ResultingFrameRate[126.01], ExposureTime[3000.00], ExposureAuto[0], PayloadSize[921600]     Solution:
Info    2026-03-09 23:23:27  DevID:MV-CU013-A0UC(DA6038615)  Source-Line:libMvCameraControl.so(CInterfaceManager.cpp-L6260)     Description:CamCtrl RecvThread Start, ThreadId[1582475488]     Solution:
Info    2026-03-09 23:23:27  DevID:MV-CU013-A0UC(DA6038615)  Source-Line:libMvCameraControl.so(CInterfaceManager.cpp-L1792)     Description:There is no registration callback     Solution:
Info    2026-03-09 23:23:27  DevID:MV-CU013-A0UC(DA6038615)  Source-Line:libMvCameraControl.so(CInterfaceManager.cpp-L6028)     Description:CamCtrl Display Thread Start, ThreadId[1574021344]     Solution:
Info    2026-03-09 23:23:27  DevID:MV-CU013-A0UC(DA6038615)  Source-Line:libMvCameraControl.so(CInterfaceManager.cpp-L1797)     Description:[MV_CC_StartGrabbing] return[0x0]     Solution:
Info    2026-03-09 23:28:06  DevID:MV-CU013-A0UC(DA6038615)  Source-Line:libMvCameraControl.so(CInterfaceManager.cpp-L1881)     Description:[StopGrabbing] return[0x0]     Solution:
Info    2026-03-09 23:28:06  DevID:MV-CU013-A0UC(DA6038615)  Source-Line:libMvCameraControl.so(CInterfaceManager.cpp-L6490)     Description:RecvThread Process Exit     Solution:
Info    2026-03-09 23:28:06  DevID:MV-CU013-A0UC(DA6038615)  Source-Line:libMvCameraControl.so(CInterfaceManager.cpp-L6244)     Description:Display process exit     Solution:
Info    2026-03-09 23:28:08  DevID:MV-CU013-A0UC(DA6038615)  Source-Line:libMvCameraControl.so(CInterfaceManager.cpp-L1166)     Description:[CloseDevice] return[0x0]     Solution:
Info    2026-03-09 23:37:26  DevID:MV-CU013-A0UC(DA6038615)  Source-Line:libMvCameraControl.so(CInterfaceManager.cpp-L0809)     Description:Current dynamic library path[/root/dart_ws/install/hik_camera/lib/libMvCameraControl.so]     Solution:
Info    2026-03-09 23:37:26  DevID:MV-CU013-A0UC(DA6038615)  Source-Line:libMvCameraControl.so(CInterfaceManager.cpp-L0812)     Description:CamCtl_Version: 3.2.0.3     Solution:
Info    2026-03-09 23:37:26  DevID:MV-CU013-A0UC(DA6038615)  Source-Line:libMvCameraControl.so(CInterfaceManager.cpp-L0813)     Description:CamCtl_Description: BaseLine Build 20210715     Solution:
Info    2026-03-09 23:37:26  DevID:MV-CU013-A0UC(DA6038615)  Source-Line:libMvCameraControl.so(CInterfaceManager.cpp-L0815)     Description:[MV_CC_CreateHandle] return[0x0]     Solution:
Info    2026-03-09 23:37:26  DevID:MV-CU013-A0UC(DA6038615)  Source-Line:libMvCameraControl.so(CInterfaceManager.cpp-L6655)     Description:CamCtrl[0x3020003], U3V SDKVersion[0x3020003], DriverVersion[0x0]     Solution:
Info    2026-03-09 23:37:27  DevID:MV-CU013-A0UC(DA6038615)  Source-Line:libMvCameraControl.so(CInterfaceManager.cpp-L4229)     Description:[MV_CC_InvalidateNodes] return[0x0]     Solution:
Info    2026-03-09 23:37:27  DevID:MV-CU013-A0UC(DA6038615)  Source-Line:libMvCameraControl.so(CInterfaceManager.cpp-L1086)     Description:[MV_CC_OpenDevice] nPrivilegeMode[1], nSwitchoverKey[0], return[0x0]     Solution:
Info    2026-03-09 23:37:27  DevID:MV-CU013-A0UC(DA6038615)  Source-Line:libMvCameraControl.so(CInterfaceManager.cpp-L3677)     Description:[MV_CC_GetImageInfo] return[0x0]     Solution:
Info    2026-03-09 23:37:28  DevID:MV-CU013-A0UC(DA6038615)  Source-Line:libMvCameraControl.so(CInterfaceManager.cpp-L1703)     Description:U3V, DeviceModelName[MV-CU013-A0UC], DeviceFirmwareVersion[V4.0.3 2501151470911 230925F1], DeviceMaxThroughput[375000]     Solution:
Info    2026-03-09 23:37:28  DevID:MV-CU013-A0UC(DA6038615)  Source-Line:libMvCameraControl.so(CInterfaceManager.cpp-L1708)     Description:U3V, Width[1280], Height[720], OffsetX[0], OffsetY[152], PixelFormat[0x108000a], AcquisitionMode[2]     Solution:
Info    2026-03-09 23:37:28  DevID:MV-CU013-A0UC(DA6038615)  Source-Line:libMvCameraControl.so(CInterfaceManager.cpp-L1713)     Description:U3V, TriggerMode[0], ResultingFrameRate[126.01], ExposureTime[3000.00], ExposureAuto[0], PayloadSize[921600]     Solution:
Info    2026-03-09 23:37:28  DevID:MV-CU013-A0UC(DA6038615)  Source-Line:libMvCameraControl.so(CInterfaceManager.cpp-L6260)     Description:CamCtrl RecvThread Start, ThreadId[968665312]     Solution:
Info    2026-03-09 23:37:28  DevID:MV-CU013-A0UC(DA6038615)  Source-Line:libMvCameraControl.so(CInterfaceManager.cpp-L1792)     Description:There is no registration callback     Solution:
Info    2026-03-09 23:37:28  DevID:MV-CU013-A0UC(DA6038615)  Source-Line:libMvCameraControl.so(CInterfaceManager.cpp-L6028)     Description:CamCtrl Display Thread Start, ThreadId[960211168]     Solution:
Info    2026-03-09 23:37:28  DevID:MV-CU013-A0UC(DA6038615)  Source-Line:libMvCameraControl.so(CInterfaceManager.cpp-L1797)     Description:[MV_CC_StartGrabbing] return[0x0]     Solution:
Info    2026-03-09 23:40:29  DevID:MV-CU013-A0UC(DA6038615)  Source-Line:libMvCameraControl.so(CInterfaceManager.cpp-L1881)     Description:[StopGrabbing] return[0x0]     Solution:
Info    2026-03-09 23:40:29  DevID:MV-CU013-A0UC(DA6038615)  Source-Line:libMvCameraControl.so(CInterfaceManager.cpp-L6490)     Description:RecvThread Process Exit     Solution:
Info    2026-03-09 23:40:29  DevID:MV-CU013-A0UC(DA6038615)  Source-Line:libMvCameraControl.so(CInterfaceManager.cpp-L6244)     Description:Display process exit     Solution:
Info    2026-03-09 23:40:31  DevID:MV-CU013-A0UC(DA6038615)  Source-Line:libMvCameraControl.so(CInterfaceManager.cpp-L1166)     Description:[CloseDevice] return[0x0]     Solution:
Info    2026-03-09 23:41:14  DevID:MV-CU013-A0UC(DA6038615)  Source-Line:libMvCameraControl.so(CInterfaceManager.cpp-L0809)     Description:Current dynamic library path[/root/dart_ws/install/hik_camera/lib/libMvCameraControl.so]     Solution:
Info    2026-03-09 23:41:14  DevID:MV-CU013-A0UC(DA6038615)  Source-Line:libMvCameraControl.so(CInterfaceManager.cpp-L0812)     Description:CamCtl_Version: 3.2.0.3     Solution:
Info    2026-03-09 23:41:14  DevID:MV-CU013-A0UC(DA6038615)  Source-Line:libMvCameraControl.so(CInterfaceManager.cpp-L0813)     Description:CamCtl_Description: BaseLine Build 20210715     Solution:
Info    2026-03-09 23:41:14  DevID:MV-CU013-A0UC(DA6038615)  Source-Line:libMvCameraControl.so(CInterfaceManager.cpp-L0815)     Description:[MV_CC_CreateHandle] return[0x0]     Solution:
Info    2026-03-09 23:41:14  DevID:MV-CU013-A0UC(DA6038615)  Source-Line:libMvCameraControl.so(CInterfaceManager.cpp-L6655)     Description:CamCtrl[0x3020003], U3V SDKVersion[0x3020003], DriverVersion[0x0]     Solution:
Info    2026-03-09 23:41:16  DevID:MV-CU013-A0UC(DA6038615)  Source-Line:libMvCameraControl.so(CInterfaceManager.cpp-L4229)     Description:[MV_CC_InvalidateNodes] return[0x0]     Solution:
Info    2026-03-09 23:41:16  DevID:MV-CU013-A0UC(DA6038615)  Source-Line:libMvCameraControl.so(CInterfaceManager.cpp-L1086)     Description:[MV_CC_OpenDevice] nPrivilegeMode[1], nSwitchoverKey[0], return[0x0]     Solution:
Info    2026-03-09 23:41:16  DevID:MV-CU013-A0UC(DA6038615)  Source-Line:libMvCameraControl.so(CInterfaceManager.cpp-L3677)     Description:[MV_CC_GetImageInfo] return[0x0]     Solution:
Info    2026-03-09 23:41:16  DevID:MV-CU013-A0UC(DA6038615)  Source-Line:libMvCameraControl.so(CInterfaceManager.cpp-L1703)     Description:U3V, DeviceModelName[MV-CU013-A0UC], DeviceFirmwareVersion[V4.0.3 2501151470911 230925F1], DeviceMaxThroughput[375000]     Solution:
Info    2026-03-09 23:41:16  DevID:MV-CU013-A0UC(DA6038615)  Source-Line:libMvCameraControl.so(CInterfaceManager.cpp-L1708)     Description:U3V, Width[1280], Height[720], OffsetX[0], OffsetY[152], PixelFormat[0x108000a], AcquisitionMode[2]     Solution:
Info    2026-03-09 23:41:16  DevID:MV-CU013-A0UC(DA6038615)  Source-Line:libMvCameraControl.so(CInterfaceManager.cpp-L1713)     Description:U3V, TriggerMode[0], ResultingFrameRate[126.01], ExposureTime[3000.00], ExposureAuto[0], PayloadSize[921600]     Solution:
Info    2026-03-09 23:41:16  DevID:MV-CU013-A0UC(DA6038615)  Source-Line:libMvCameraControl.so(CInterfaceManager.cpp-L6260)     Description:CamCtrl RecvThread Start, ThreadId[1521592544]     Solution:
Info    2026-03-09 23:41:16  DevID:MV-CU013-A0UC(DA6038615)  Source-Line:libMvCameraControl.so(CInterfaceManager.cpp-L1792)     Description:There is no registration callback     Solution:
Info    2026-03-09 23:41:16  DevID:MV-CU013-A0UC(DA6038615)  Source-Line:libMvCameraControl.so(CInterfaceManager.cpp-L6028)     Description:CamCtrl Display Thread Start, ThreadId[1513138400]     Solution:
Info    2026-03-09 23:41:16  DevID:MV-CU013-A0UC(DA6038615)  Source-Line:libMvCameraControl.so(CInterfaceManager.cpp-L1797)     Description:[MV_CC_StartGrabbing] return[0x0]     Solution:
Info    2026-03-09 23:42:07  DevID:MV-CU013-A0UC(DA6038615)  Source-Line:libMvCameraControl.so(CInterfaceManager.cpp-L1881)     Description:[StopGrabbing] return[0x0]     Solution:
Info    2026-03-09 23:42:07  DevID:MV-CU013-A0UC(DA6038615)  Source-Line:libMvCameraControl.so(CInterfaceManager.cpp-L6490)     Description:RecvThread Process Exit     Solution:
Info    2026-03-09 23:42:07  DevID:MV-CU013-A0UC(DA6038615)  Source-Line:libMvCameraControl.so(CInterfaceManager.cpp-L6244)     Description:Display process exit     Solution:
Info    2026-03-09 23:42:08  DevID:MV-CU013-A0UC(DA6038615)  Source-Line:libMvCameraControl.so(CInterfaceManager.cpp-L1166)     Description:[CloseDevice] return[0x0]     Solution:
Info    2026-03-12 14:16:18  DevID:MV-CU013-A0UC(DA6038615)  Source-Line:libMvCameraControl.so(CInterfaceManager.cpp-L0809)     Description:Current dynamic library path[/root/dart_ws/install/hik_camera/lib/libMvCameraControl.so]     Solution:
Info    2026-03-12 14:16:18  DevID:MV-CU013-A0UC(DA6038615)  Source-Line:libMvCameraControl.so(CInterfaceManager.cpp-L0812)     Description:CamCtl_Version: 3.2.0.3     Solution:
Info    2026-03-12 14:16:18  DevID:MV-CU013-A0UC(DA6038615)  Source-Line:libMvCameraControl.so(CInterfaceManager.cpp-L0813)     Description:CamCtl_Description: BaseLine Build 20210715     Solution:
Info    2026-03-12 14:16:18  DevID:MV-CU013-A0UC(DA6038615)  Source-Line:libMvCameraControl.so(CInterfaceManager.cpp-L0815)     Description:[MV_CC_CreateHandle] return[0x0]     Solution:
Info    2026-03-12 14:16:18  DevID:MV-CU013-A0UC(DA6038615)  Source-Line:libMvCameraControl.so(CInterfaceManager.cpp-L6655)     Description:CamCtrl[0x3020003], U3V SDKVersion[0x3020003], DriverVersion[0x0]     Solution:
Info    2026-03-12 14:16:20  DevID:MV-CU013-A0UC(DA6038615)  Source-Line:libMvCameraControl.so(CInterfaceManager.cpp-L4229)     Description:[MV_CC_InvalidateNodes] return[0x0]     Solution:
Info    2026-03-12 14:16:20  DevID:MV-CU013-A0UC(DA6038615)  Source-Line:libMvCameraControl.so(CInterfaceManager.cpp-L1086)     Description:[MV_CC_OpenDevice] nPrivilegeMode[1], nSwitchoverKey[0], return[0x0]     Solution:
Info    2026-03-12 14:16:20  DevID:MV-CU013-A0UC(DA6038615)  Source-Line:libMvCameraControl.so(CInterfaceManager.cpp-L3677)     Description:[MV_CC_GetImageInfo] return[0x0]     Solution:
Info    2026-03-12 14:16:20  DevID:MV-CU013-A0UC(DA6038615)  Source-Line:libMvCameraControl.so(CInterfaceManager.cpp-L1703)     Description:U3V, DeviceModelName[MV-CU013-A0UC], DeviceFirmwareVersion[V4.0.3 2501151470911 230925F1], DeviceMaxThroughput[375000]     Solution:
Info    2026-03-12 14:16:20  DevID:MV-CU013-A0UC(DA6038615)  Source-Line:libMvCameraControl.so(CInterfaceManager.cpp-L1708)     Description:U3V, Width[1280], Height[720], OffsetX[0], OffsetY[152], PixelFormat[0x108000a], AcquisitionMode[2]     Solution:
Info    2026-03-12 14:16:20  DevID:MV-CU013-A0UC(DA6038615)  Source-Line:libMvCameraControl.so(CInterfaceManager.cpp-L1713)     Description:U3V, TriggerMode[0], ResultingFrameRate[126.01], ExposureTime[3000.00], ExposureAuto[0], PayloadSize[921600]     Solution:
Info    2026-03-12 14:16:20  DevID:MV-CU013-A0UC(DA6038615)  Source-Line:libMvCameraControl.so(CInterfaceManager.cpp-L6260)     Description:CamCtrl RecvThread Start, ThreadId[1006627040]     Solution:
Info    2026-03-12 14:16:20  DevID:MV-CU013-A0UC(DA6038615)  Source-Line:libMvCameraControl.so(CInterfaceManager.cpp-L1792)     Description:There is no registration callback     Solution:
Info    2026-03-12 14:16:20  DevID:MV-CU013-A0UC(DA6038615)  Source-Line:libMvCameraControl.so(CInterfaceManager.cpp-L6028)     Description:CamCtrl Display Thread Start, ThreadId[998172896]     Solution:
Info    2026-03-12 14:16:20  DevID:MV-CU013-A0UC(DA6038615)  Source-Line:libMvCameraControl.so(CInterfaceManager.cpp-L1797)     Description:[MV_CC_StartGrabbing] return[0x0]     Solution:
Info    2026-03-12 14:30:19  DevID:MV-CU013-A0UC(DA6038615)  Source-Line:libMvCameraControl.so(CInterfaceManager.cpp-L1881)     Description:[StopGrabbing] return[0x0]     Solution:
Info    2026-03-12 14:30:19  DevID:MV-CU013-A0UC(DA6038615)  Source-Line:libMvCameraControl.so(CInterfaceManager.cpp-L6244)     Description:Display process exit     Solution:
Info    2026-03-12 14:30:19  DevID:MV-CU013-A0UC(DA6038615)  Source-Line:libMvCameraControl.so(CInterfaceManager.cpp-L6490)     Description:RecvThread Process Exit     Solution:
Info    2026-03-12 14:30:21  DevID:MV-CU013-A0UC(DA6038615)  Source-Line:libMvCameraControl.so(CInterfaceManager.cpp-L1166)     Description:[CloseDevice] return[0x0]     Solution:
Info    2026-03-21 22:30:00  DevID:MV-CU013-A0UC(DA6038615)  Source-Line:libMvCameraControl.so(CInterfaceManager.cpp-L0809)     Description:Current dynamic library path[/root/dart_ws/install/hik_camera/lib/libMvCameraControl.so]     Solution:
Info    2026-03-21 22:30:00  DevID:MV-CU013-A0UC(DA6038615)  Source-Line:libMvCameraControl.so(CInterfaceManager.cpp-L0812)     Description:CamCtl_Version: 3.2.0.3     Solution:
Info    2026-03-21 22:30:00  DevID:MV-CU013-A0UC(DA6038615)  Source-Line:libMvCameraControl.so(CInterfaceManager.cpp-L0813)     Description:CamCtl_Description: BaseLine Build 20210715     Solution:
Info    2026-03-21 22:30:00  DevID:MV-CU013-A0UC(DA6038615)  Source-Line:libMvCameraControl.so(CInterfaceManager.cpp-L0815)     Description:[MV_CC_CreateHandle] return[0x0]     Solution:
Info    2026-03-21 22:30:00  DevID:MV-CU013-A0UC(DA6038615)  Source-Line:libMvCameraControl.so(CInterfaceManager.cpp-L6655)     Description:CamCtrl[0x3020003], U3V SDKVersion[0x3020003], DriverVersion[0x0]     Solution:
Info    2026-03-21 22:30:01  DevID:MV-CU013-A0UC(DA6038615)  Source-Line:libMvCameraControl.so(CInterfaceManager.cpp-L4229)     Description:[MV_CC_InvalidateNodes] return[0x0]     Solution:
Info    2026-03-21 22:30:01  DevID:MV-CU013-A0UC(DA6038615)  Source-Line:libMvCameraControl.so(CInterfaceManager.cpp-L1086)     Description:[MV_CC_OpenDevice] nPrivilegeMode[1], nSwitchoverKey[0], return[0x0]     Solution:
Info    2026-03-21 22:30:01  DevID:MV-CU013-A0UC(DA6038615)  Source-Line:libMvCameraControl.so(CInterfaceManager.cpp-L3677)     Description:[MV_CC_GetImageInfo] return[0x0]     Solution:
Info    2026-03-21 22:30:02  DevID:MV-CU013-A0UC(DA6038615)  Source-Line:libMvCameraControl.so(CInterfaceManager.cpp-L1703)     Description:U3V, DeviceModelName[MV-CU013-A0UC], DeviceFirmwareVersion[V4.0.3 2501151470911 230925F1], DeviceMaxThroughput[375000]     Solution:
Info    2026-03-21 22:30:02  DevID:MV-CU013-A0UC(DA6038615)  Source-Line:libMvCameraControl.so(CInterfaceManager.cpp-L1708)     Description:U3V, Width[1280], Height[720], OffsetX[0], OffsetY[152], PixelFormat[0x108000a], AcquisitionMode[2]     Solution:
Info    2026-03-21 22:30:02  DevID:MV-CU013-A0UC(DA6038615)  Source-Line:libMvCameraControl.so(CInterfaceManager.cpp-L1713)     Description:U3V, TriggerMode[0], ResultingFrameRate[126.01], ExposureTime[3000.00], ExposureAuto[0], PayloadSize[921600]     Solution:
Info    2026-03-21 22:30:02  DevID:MV-CU013-A0UC(DA6038615)  Source-Line:libMvCameraControl.so(CInterfaceManager.cpp-L6260)     Description:CamCtrl RecvThread Start, ThreadId[1006627040]     Solution:
Info    2026-03-21 22:30:02  DevID:MV-CU013-A0UC(DA6038615)  Source-Line:libMvCameraControl.so(CInterfaceManager.cpp-L1792)     Description:There is no registration callback     Solution:
Info    2026-03-21 22:30:02  DevID:MV-CU013-A0UC(DA6038615)  Source-Line:libMvCameraControl.so(CInterfaceManager.cpp-L6028)     Description:CamCtrl Display Thread Start, ThreadId[998172896]     Solution:
Info    2026-03-21 22:30:02  DevID:MV-CU013-A0UC(DA6038615)  Source-Line:libMvCameraControl.so(CInterfaceManager.cpp-L1797)     Description:[MV_CC_StartGrabbing] return[0x0]     Solution:
Info    2026-04-22 21:51:35  DevID:MV-CU013-A0UC(DA6038615)  Source-Line:libMvCameraControl.so(CInterfaceManager.cpp-L0809)     Description:Current dynamic library path[/root/dart_ws/install/hik_camera/lib/libMvCameraControl.so]     Solution:
Info    2026-04-22 21:51:35  DevID:MV-CU013-A0UC(DA6038615)  Source-Line:libMvCameraControl.so(CInterfaceManager.cpp-L0812)     Description:CamCtl_Version: 3.2.0.3     Solution:
Info    2026-04-22 21:51:35  DevID:MV-CU013-A0UC(DA6038615)  Source-Line:libMvCameraControl.so(CInterfaceManager.cpp-L0813)     Description:CamCtl_Description: BaseLine Build 20210715     Solution:
Info    2026-04-22 21:51:35  DevID:MV-CU013-A0UC(DA6038615)  Source-Line:libMvCameraControl.so(CInterfaceManager.cpp-L0815)     Description:[MV_CC_CreateHandle] return[0x0]     Solution:
Info    2026-04-22 21:51:35  DevID:MV-CU013-A0UC(DA6038615)  Source-Line:libMvCameraControl.so(CInterfaceManager.cpp-L6655)     Description:CamCtrl[0x3020003], U3V SDKVersion[0x3020003], DriverVersion[0x0]     Solution:
Error   2026-04-22 21:51:35  DevID:MV-CU013-A0UC(DA6038615)  Source-Line:libMvCameraControl.so(CInterfaceManager.cpp-L4218)     Description:[MV_CC_InvalidateNodes] return[0x80000003]     Solution:
Info    2026-04-22 21:51:35  DevID:MV-CU013-A0UC(DA6038615)  Source-Line:libMvCameraControl.so(CInterfaceManager.cpp-L1086)     Description:[MV_CC_OpenDevice] nPrivilegeMode[1], nSwitchoverKey[0], return[0x80000203]     Solution:
Error   2026-04-22 21:51:35  DevID:MV-CU013-A0UC(DA6038615)  Source-Line:libMvCameraControl.so(CInterfaceManager.cpp-L3661)     Description:[MV_CC_GetImageInfo] return[0x80000003]     Solution:
Info    2026-04-22 21:55:02  DevID:MV-CU013-A0UC(DA6038615)  Source-Line:libMvCameraControl.so(CInterfaceManager.cpp-L0809)     Description:Current dynamic library path[/root/dart_ws/install/hik_camera/lib/libMvCameraControl.so]     Solution:
Info    2026-04-22 21:55:02  DevID:MV-CU013-A0UC(DA6038615)  Source-Line:libMvCameraControl.so(CInterfaceManager.cpp-L0812)     Description:CamCtl_Version: 3.2.0.3     Solution:
Info    2026-04-22 21:55:02  DevID:MV-CU013-A0UC(DA6038615)  Source-Line:libMvCameraControl.so(CInterfaceManager.cpp-L0813)     Description:CamCtl_Description: BaseLine Build 20210715     Solution:
Info    2026-04-22 21:55:02  DevID:MV-CU013-A0UC(DA6038615)  Source-Line:libMvCameraControl.so(CInterfaceManager.cpp-L0815)     Description:[MV_CC_CreateHandle] return[0x0]     Solution:
Info    2026-04-22 21:55:02  DevID:MV-CU013-A0UC(DA6038615)  Source-Line:libMvCameraControl.so(CInterfaceManager.cpp-L6655)     Description:CamCtrl[0x3020003], U3V SDKVersion[0x3020003], DriverVersion[0x0]     Solution:
Error   2026-04-22 21:55:02  DevID:MV-CU013-A0UC(DA6038615)  Source-Line:libMvCameraControl.so(CInterfaceManager.cpp-L4218)     Description:[MV_CC_InvalidateNodes] return[0x80000003]     Solution:
Info    2026-04-22 21:55:02  DevID:MV-CU013-A0UC(DA6038615)  Source-Line:libMvCameraControl.so(CInterfaceManager.cpp-L1086)     Description:[MV_CC_OpenDevice] nPrivilegeMode[1], nSwitchoverKey[0], return[0x80000203]     Solution:
Error   2026-04-22 21:55:02  DevID:MV-CU013-A0UC(DA6038615)  Source-Line:libMvCameraControl.so(CInterfaceManager.cpp-L3661)     Description:[MV_CC_GetImageInfo] return[0x80000003]     Solution:
Info    2026-04-22 21:55:45  DevID:MV-CU013-A0UC(DA6038615)  Source-Line:libMvCameraControl.so(CInterfaceManager.cpp-L0809)     Description:Current dynamic library path[/root/dart_ws/install/hik_camera/lib/libMvCameraControl.so]     Solution:
Info    2026-04-22 21:55:45  DevID:MV-CU013-A0UC(DA6038615)  Source-Line:libMvCameraControl.so(CInterfaceManager.cpp-L0812)     Description:CamCtl_Version: 3.2.0.3     Solution:
Info    2026-04-22 21:55:45  DevID:MV-CU013-A0UC(DA6038615)  Source-Line:libMvCameraControl.so(CInterfaceManager.cpp-L0813)     Description:CamCtl_Description: BaseLine Build 20210715     Solution:
Info    2026-04-22 21:55:45  DevID:MV-CU013-A0UC(DA6038615)  Source-Line:libMvCameraControl.so(CInterfaceManager.cpp-L0815)     Description:[MV_CC_CreateHandle] return[0x0]     Solution:
Info    2026-04-22 21:55:45  DevID:MV-CU013-A0UC(DA6038615)  Source-Line:libMvCameraControl.so(CInterfaceManager.cpp-L6655)     Description:CamCtrl[0x3020003], U3V SDKVersion[0x3020003], DriverVersion[0x0]     Solution:
Error   2026-04-22 21:55:45  DevID:MV-CU013-A0UC(DA6038615)  Source-Line:libMvCameraControl.so(CInterfaceManager.cpp-L4218)     Description:[MV_CC_InvalidateNodes] return[0x80000003]     Solution:
Info    2026-04-22 21:55:45  DevID:MV-CU013-A0UC(DA6038615)  Source-Line:libMvCameraControl.so(CInterfaceManager.cpp-L1086)     Description:[MV_CC_OpenDevice] nPrivilegeMode[1], nSwitchoverKey[0], return[0x80000203]     Solution:
Error   2026-04-22 21:55:45  DevID:MV-CU013-A0UC(DA6038615)  Source-Line:libMvCameraControl.so(CInterfaceManager.cpp-L3661)     Description:[MV_CC_GetImageInfo] return[0x80000003]     Solution:
Info    2026-04-22 21:56:04  DevID:MV-CU013-A0UC(DA6038615)  Source-Line:libMvCameraControl.so(CInterfaceManager.cpp-L0809)     Description:Current dynamic library path[/root/dart_ws/install/hik_camera/lib/libMvCameraControl.so]     Solution:
Info    2026-04-22 21:56:04  DevID:MV-CU013-A0UC(DA6038615)  Source-Line:libMvCameraControl.so(CInterfaceManager.cpp-L0812)     Description:CamCtl_Version: 3.2.0.3     Solution:
Info    2026-04-22 21:56:04  DevID:MV-CU013-A0UC(DA6038615)  Source-Line:libMvCameraControl.so(CInterfaceManager.cpp-L0813)     Description:CamCtl_Description: BaseLine Build 20210715     Solution:
Info    2026-04-22 21:56:04  DevID:MV-CU013-A0UC(DA6038615)  Source-Line:libMvCameraControl.so(CInterfaceManager.cpp-L0815)     Description:[MV_CC_CreateHandle] return[0x0]     Solution:
Info    2026-04-22 21:56:04  DevID:MV-CU013-A0UC(DA6038615)  Source-Line:libMvCameraControl.so(CInterfaceManager.cpp-L6655)     Description:CamCtrl[0x3020003], U3V SDKVersion[0x3020003], DriverVersion[0x0]     Solution:
Error   2026-04-22 21:56:04  DevID:MV-CU013-A0UC(DA6038615)  Source-Line:libMvCameraControl.so(CInterfaceManager.cpp-L4218)     Description:[MV_CC_InvalidateNodes] return[0x80000003]     Solution:
Info    2026-04-22 21:56:04  DevID:MV-CU013-A0UC(DA6038615)  Source-Line:libMvCameraControl.so(CInterfaceManager.cpp-L1086)     Description:[MV_CC_OpenDevice] nPrivilegeMode[1], nSwitchoverKey[0], return[0x80000203]     Solution:
Error   2026-04-22 21:56:04  DevID:MV-CU013-A0UC(DA6038615)  Source-Line:libMvCameraControl.so(CInterfaceManager.cpp-L3661)     Description:[MV_CC_GetImageInfo] return[0x80000003]     Solution:
Info    2026-05-05 17:58:02  DevID:MV-CU013-A0UC(DA6038615)  Source-Line:libMvCameraControl.so(CInterfaceManager.cpp-L0809)     Description:Current dynamic library path[/root/dart_ws/install/hik_camera/lib/libMvCameraControl.so]     Solution:
Info    2026-05-05 17:58:02  DevID:MV-CU013-A0UC(DA6038615)  Source-Line:libMvCameraControl.so(CInterfaceManager.cpp-L0812)     Description:CamCtl_Version: 3.2.0.3     Solution:
Info    2026-05-05 17:58:02  DevID:MV-CU013-A0UC(DA6038615)  Source-Line:libMvCameraControl.so(CInterfaceManager.cpp-L0813)     Description:CamCtl_Description: BaseLine Build 20210715     Solution:
Info    2026-05-05 17:58:02  DevID:MV-CU013-A0UC(DA6038615)  Source-Line:libMvCameraControl.so(CInterfaceManager.cpp-L0815)     Description:[MV_CC_CreateHandle] return[0x0]     Solution:
Info    2026-05-05 17:58:02  DevID:MV-CU013-A0UC(DA6038615)  Source-Line:libMvCameraControl.so(CInterfaceManager.cpp-L6655)     Description:CamCtrl[0x3020003], U3V SDKVersion[0x3020003], DriverVersion[0x0]     Solution:
Info    2026-05-05 17:58:03  DevID:MV-CU013-A0UC(DA6038615)  Source-Line:libMvCameraControl.so(CInterfaceManager.cpp-L4229)     Description:[MV_CC_InvalidateNodes] return[0x0]     Solution:
Info    2026-05-05 17:58:03  DevID:MV-CU013-A0UC(DA6038615)  Source-Line:libMvCameraControl.so(CInterfaceManager.cpp-L1086)     Description:[MV_CC_OpenDevice] nPrivilegeMode[1], nSwitchoverKey[0], return[0x0]     Solution:
Info    2026-05-05 17:58:03  DevID:MV-CU013-A0UC(DA6038615)  Source-Line:libMvCameraControl.so(CInterfaceManager.cpp-L3677)     Description:[MV_CC_GetImageInfo] return[0x0]     Solution:
Info    2026-05-05 17:58:04  DevID:MV-CU013-A0UC(DA6038615)  Source-Line:libMvCameraControl.so(CInterfaceManager.cpp-L1703)     Description:U3V, DeviceModelName[MV-CU013-A0UC], DeviceFirmwareVersion[V4.0.3 2501151470911 230925F1], DeviceMaxThroughput[375000]     Solution:
Info    2026-05-05 17:58:04  DevID:MV-CU013-A0UC(DA6038615)  Source-Line:libMvCameraControl.so(CInterfaceManager.cpp-L1708)     Description:U3V, Width[1280], Height[720], OffsetX[0], OffsetY[152], PixelFormat[0x108000a], AcquisitionMode[2]     Solution:
Info    2026-05-05 17:58:04  DevID:MV-CU013-A0UC(DA6038615)  Source-Line:libMvCameraControl.so(CInterfaceManager.cpp-L1713)     Description:U3V, TriggerMode[0], ResultingFrameRate[126.01], ExposureTime[3000.00], ExposureAuto[0], PayloadSize[921600]     Solution:
Info    2026-05-05 17:58:04  DevID:MV-CU013-A0UC(DA6038615)  Source-Line:libMvCameraControl.so(CInterfaceManager.cpp-L6260)     Description:CamCtrl RecvThread Start, ThreadId[1632086240]     Solution:
Info    2026-05-05 17:58:04  DevID:MV-CU013-A0UC(DA6038615)  Source-Line:libMvCameraControl.so(CInterfaceManager.cpp-L1792)     Description:There is no registration callback     Solution:
Info    2026-05-05 17:58:04  DevID:MV-CU013-A0UC(DA6038615)  Source-Line:libMvCameraControl.so(CInterfaceManager.cpp-L6028)     Description:CamCtrl Display Thread Start, ThreadId[1623632096]     Solution:
Info    2026-05-05 17:58:04  DevID:MV-CU013-A0UC(DA6038615)  Source-Line:libMvCameraControl.so(CInterfaceManager.cpp-L1797)     Description:[MV_CC_StartGrabbing] return[0x0]     Solution:
Info    2026-05-05 18:21:41  DevID:MV-CU013-A0UC(DA6038615)  Source-Line:libMvCameraControl.so(CInterfaceManager.cpp-L1881)     Description:[StopGrabbing] return[0x0]     Solution:
Info    2026-05-05 18:21:41  DevID:MV-CU013-A0UC(DA6038615)  Source-Line:libMvCameraControl.so(CInterfaceManager.cpp-L6244)     Description:Display process exit     Solution:
Info    2026-05-05 18:21:41  DevID:MV-CU013-A0UC(DA6038615)  Source-Line:libMvCameraControl.so(CInterfaceManager.cpp-L6490)     Description:RecvThread Process Exit     Solution:
Info    2026-05-05 18:21:42  DevID:MV-CU013-A0UC(DA6038615)  Source-Line:libMvCameraControl.so(CInterfaceManager.cpp-L1166)     Description:[CloseDevice] return[0x0]     Solution:
Info    2026-05-05 18:25:01  DevID:MV-CU013-A0UC(DA6038615)  Source-Line:libMvCameraControl.so(CInterfaceManager.cpp-L0809)     Description:Current dynamic library path[/root/dart_ws/install/hik_camera/lib/libMvCameraControl.so]     Solution:
Info    2026-05-05 18:25:01  DevID:MV-CU013-A0UC(DA6038615)  Source-Line:libMvCameraControl.so(CInterfaceManager.cpp-L0812)     Description:CamCtl_Version: 3.2.0.3     Solution:
Info    2026-05-05 18:25:01  DevID:MV-CU013-A0UC(DA6038615)  Source-Line:libMvCameraControl.so(CInterfaceManager.cpp-L0813)     Description:CamCtl_Description: BaseLine Build 20210715     Solution:
Info    2026-05-05 18:25:01  DevID:MV-CU013-A0UC(DA6038615)  Source-Line:libMvCameraControl.so(CInterfaceManager.cpp-L0815)     Description:[MV_CC_CreateHandle] return[0x0]     Solution:
Info    2026-05-05 18:25:01  DevID:MV-CU013-A0UC(DA6038615)  Source-Line:libMvCameraControl.so(CInterfaceManager.cpp-L6655)     Description:CamCtrl[0x3020003], U3V SDKVersion[0x3020003], DriverVersion[0x0]     Solution:
Info    2026-05-05 18:25:02  DevID:MV-CU013-A0UC(DA6038615)  Source-Line:libMvCameraControl.so(CInterfaceManager.cpp-L4229)     Description:[MV_CC_InvalidateNodes] return[0x0]     Solution:
Info    2026-05-05 18:25:02  DevID:MV-CU013-A0UC(DA6038615)  Source-Line:libMvCameraControl.so(CInterfaceManager.cpp-L1086)     Description:[MV_CC_OpenDevice] nPrivilegeMode[1], nSwitchoverKey[0], return[0x0]     Solution:
Info    2026-05-05 18:25:02  DevID:MV-CU013-A0UC(DA6038615)  Source-Line:libMvCameraControl.so(CInterfaceManager.cpp-L3677)     Description:[MV_CC_GetImageInfo] return[0x0]     Solution:
Info    2026-05-05 18:25:02  DevID:MV-CU013-A0UC(DA6038615)  Source-Line:libMvCameraControl.so(CInterfaceManager.cpp-L1703)     Description:U3V, DeviceModelName[MV-CU013-A0UC], DeviceFirmwareVersion[V4.0.3 2501151470911 230925F1], DeviceMaxThroughput[375000]     Solution:
Info    2026-05-05 18:25:02  DevID:MV-CU013-A0UC(DA6038615)  Source-Line:libMvCameraControl.so(CInterfaceManager.cpp-L1708)     Description:U3V, Width[1280], Height[720], OffsetX[0], OffsetY[152], PixelFormat[0x108000a], AcquisitionMode[2]     Solution:
Info    2026-05-05 18:25:02  DevID:MV-CU013-A0UC(DA6038615)  Source-Line:libMvCameraControl.so(CInterfaceManager.cpp-L1713)     Description:U3V, TriggerMode[0], ResultingFrameRate[126.01], ExposureTime[3000.00], ExposureAuto[0], PayloadSize[921600]     Solution:
Info    2026-05-05 18:25:02  DevID:MV-CU013-A0UC(DA6038615)  Source-Line:libMvCameraControl.so(CInterfaceManager.cpp-L6260)     Description:CamCtrl RecvThread Start, ThreadId[1255385312]     Solution:
Info    2026-05-05 18:25:02  DevID:MV-CU013-A0UC(DA6038615)  Source-Line:libMvCameraControl.so(CInterfaceManager.cpp-L1792)     Description:There is no registration callback     Solution:
Info    2026-05-05 18:25:02  DevID:MV-CU013-A0UC(DA6038615)  Source-Line:libMvCameraControl.so(CInterfaceManager.cpp-L6028)     Description:CamCtrl Display Thread Start, ThreadId[1246931168]     Solution:
Info    2026-05-05 18:25:02  DevID:MV-CU013-A0UC(DA6038615)  Source-Line:libMvCameraControl.so(CInterfaceManager.cpp-L1797)     Description:[MV_CC_StartGrabbing] return[0x0]     Solution:
Info    2026-05-05 18:26:50  DevID:MV-CU013-A0UC(DA6038615)  Source-Line:libMvCameraControl.so(CInterfaceManager.cpp-L1881)     Description:[StopGrabbing] return[0x0]     Solution:
Info    2026-05-05 18:26:50  DevID:MV-CU013-A0UC(DA6038615)  Source-Line:libMvCameraControl.so(CInterfaceManager.cpp-L6244)     Description:Display process exit     Solution:
Info    2026-05-05 18:26:50  DevID:MV-CU013-A0UC(DA6038615)  Source-Line:libMvCameraControl.so(CInterfaceManager.cpp-L6490)     Description:RecvThread Process Exit     Solution:
Info    2026-05-05 18:26:52  DevID:MV-CU013-A0UC(DA6038615)  Source-Line:libMvCameraControl.so(CInterfaceManager.cpp-L1166)     Description:[CloseDevice] return[0x0]     Solution:
Info    2026-05-05 18:30:52  DevID:MV-CU013-A0UC(DA6038615)  Source-Line:libMvCameraControl.so(CInterfaceManager.cpp-L0809)     Description:Current dynamic library path[/root/dart_ws/install/hik_camera/lib/libMvCameraControl.so]     Solution:
Info    2026-05-05 18:30:52  DevID:MV-CU013-A0UC(DA6038615)  Source-Line:libMvCameraControl.so(CInterfaceManager.cpp-L0812)     Description:CamCtl_Version: 3.2.0.3     Solution:
Info    2026-05-05 18:30:52  DevID:MV-CU013-A0UC(DA6038615)  Source-Line:libMvCameraControl.so(CInterfaceManager.cpp-L0813)     Description:CamCtl_Description: BaseLine Build 20210715     Solution:
Info    2026-05-05 18:30:52  DevID:MV-CU013-A0UC(DA6038615)  Source-Line:libMvCameraControl.so(CInterfaceManager.cpp-L0815)     Description:[MV_CC_CreateHandle] return[0x0]     Solution:
Info    2026-05-05 18:30:52  DevID:MV-CU013-A0UC(DA6038615)  Source-Line:libMvCameraControl.so(CInterfaceManager.cpp-L6655)     Description:CamCtrl[0x3020003], U3V SDKVersion[0x3020003], DriverVersion[0x0]     Solution:
Info    2026-05-05 18:30:53  DevID:MV-CU013-A0UC(DA6038615)  Source-Line:libMvCameraControl.so(CInterfaceManager.cpp-L4229)     Description:[MV_CC_InvalidateNodes] return[0x0]     Solution:
Info    2026-05-05 18:30:53  DevID:MV-CU013-A0UC(DA6038615)  Source-Line:libMvCameraControl.so(CInterfaceManager.cpp-L1086)     Description:[MV_CC_OpenDevice] nPrivilegeMode[1], nSwitchoverKey[0], return[0x0]     Solution:
Info    2026-05-05 18:30:53  DevID:MV-CU013-A0UC(DA6038615)  Source-Line:libMvCameraControl.so(CInterfaceManager.cpp-L3677)     Description:[MV_CC_GetImageInfo] return[0x0]     Solution:
Info    2026-05-05 18:30:54  DevID:MV-CU013-A0UC(DA6038615)  Source-Line:libMvCameraControl.so(CInterfaceManager.cpp-L1703)     Description:U3V, DeviceModelName[MV-CU013-A0UC], DeviceFirmwareVersion[V4.0.3 2501151470911 230925F1], DeviceMaxThroughput[375000]     Solution:
Info    2026-05-05 18:30:54  DevID:MV-CU013-A0UC(DA6038615)  Source-Line:libMvCameraControl.so(CInterfaceManager.cpp-L1708)     Description:U3V, Width[1280], Height[720], OffsetX[0], OffsetY[152], PixelFormat[0x108000a], AcquisitionMode[2]     Solution:
Info    2026-05-05 18:30:54  DevID:MV-CU013-A0UC(DA6038615)  Source-Line:libMvCameraControl.so(CInterfaceManager.cpp-L1713)     Description:U3V, TriggerMode[0], ResultingFrameRate[126.01], ExposureTime[3000.00], ExposureAuto[0], PayloadSize[921600]     Solution:
Info    2026-05-05 18:30:54  DevID:MV-CU013-A0UC(DA6038615)  Source-Line:libMvCameraControl.so(CInterfaceManager.cpp-L6260)     Description:CamCtrl RecvThread Start, ThreadId[1870588128]     Solution:
Info    2026-05-05 18:30:54  DevID:MV-CU013-A0UC(DA6038615)  Source-Line:libMvCameraControl.so(CInterfaceManager.cpp-L1792)     Description:There is no registration callback     Solution:
Info    2026-05-05 18:30:54  DevID:MV-CU013-A0UC(DA6038615)  Source-Line:libMvCameraControl.so(CInterfaceManager.cpp-L6028)     Description:CamCtrl Display Thread Start, ThreadId[1862133984]     Solution:
Info    2026-05-05 18:30:54  DevID:MV-CU013-A0UC(DA6038615)  Source-Line:libMvCameraControl.so(CInterfaceManager.cpp-L1797)     Description:[MV_CC_StartGrabbing] return[0x0]     Solution:
Info    2026-05-05 18:38:29  DevID:MV-CU013-A0UC(DA6038615)  Source-Line:libMvCameraControl.so(CInterfaceManager.cpp-L1881)     Description:[StopGrabbing] return[0x0]     Solution:
Info    2026-05-05 18:38:29  DevID:MV-CU013-A0UC(DA6038615)  Source-Line:libMvCameraControl.so(CInterfaceManager.cpp-L6490)     Description:RecvThread Process Exit     Solution:
Info    2026-05-05 18:38:29  DevID:MV-CU013-A0UC(DA6038615)  Source-Line:libMvCameraControl.so(CInterfaceManager.cpp-L6244)     Description:Display process exit     Solution:
Info    2026-05-05 18:38:31  DevID:MV-CU013-A0UC(DA6038615)  Source-Line:libMvCameraControl.so(CInterfaceManager.cpp-L1166)     Description:[CloseDevice] return[0x0]     Solution:
Info    2026-05-05 18:38:35  DevID:MV-CU013-A0UC(DA6038615)  Source-Line:libMvCameraControl.so(CInterfaceManager.cpp-L0809)     Description:Current dynamic library path[/root/dart_ws/install/hik_camera/lib/libMvCameraControl.so]     Solution:
Info    2026-05-05 18:38:35  DevID:MV-CU013-A0UC(DA6038615)  Source-Line:libMvCameraControl.so(CInterfaceManager.cpp-L0812)     Description:CamCtl_Version: 3.2.0.3     Solution:
Info    2026-05-05 18:38:35  DevID:MV-CU013-A0UC(DA6038615)  Source-Line:libMvCameraControl.so(CInterfaceManager.cpp-L0813)     Description:CamCtl_Description: BaseLine Build 20210715     Solution:
Info    2026-05-05 18:38:35  DevID:MV-CU013-A0UC(DA6038615)  Source-Line:libMvCameraControl.so(CInterfaceManager.cpp-L0815)     Description:[MV_CC_CreateHandle] return[0x0]     Solution:
Info    2026-05-05 18:38:35  DevID:MV-CU013-A0UC(DA6038615)  Source-Line:libMvCameraControl.so(CInterfaceManager.cpp-L6655)     Description:CamCtrl[0x3020003], U3V SDKVersion[0x3020003], DriverVersion[0x0]     Solution:
Info    2026-05-05 18:38:36  DevID:MV-CU013-A0UC(DA6038615)  Source-Line:libMvCameraControl.so(CInterfaceManager.cpp-L4229)     Description:[MV_CC_InvalidateNodes] return[0x0]     Solution:
Info    2026-05-05 18:38:36  DevID:MV-CU013-A0UC(DA6038615)  Source-Line:libMvCameraControl.so(CInterfaceManager.cpp-L1086)     Description:[MV_CC_OpenDevice] nPrivilegeMode[1], nSwitchoverKey[0], return[0x0]     Solution:
Info    2026-05-05 18:38:36  DevID:MV-CU013-A0UC(DA6038615)  Source-Line:libMvCameraControl.so(CInterfaceManager.cpp-L3677)     Description:[MV_CC_GetImageInfo] return[0x0]     Solution:
Info    2026-05-05 18:38:37  DevID:MV-CU013-A0UC(DA6038615)  Source-Line:libMvCameraControl.so(CInterfaceManager.cpp-L1703)     Description:U3V, DeviceModelName[MV-CU013-A0UC], DeviceFirmwareVersion[V4.0.3 2501151470911 230925F1], DeviceMaxThroughput[375000]     Solution:
Info    2026-05-05 18:38:37  DevID:MV-CU013-A0UC(DA6038615)  Source-Line:libMvCameraControl.so(CInterfaceManager.cpp-L1708)     Description:U3V, Width[1280], Height[720], OffsetX[0], OffsetY[152], PixelFormat[0x108000a], AcquisitionMode[2]     Solution:
Info    2026-05-05 18:38:37  DevID:MV-CU013-A0UC(DA6038615)  Source-Line:libMvCameraControl.so(CInterfaceManager.cpp-L1713)     Description:U3V, TriggerMode[0], ResultingFrameRate[126.01], ExposureTime[3000.00], ExposureAuto[0], PayloadSize[921600]     Solution:
Info    2026-05-05 18:38:37  DevID:MV-CU013-A0UC(DA6038615)  Source-Line:libMvCameraControl.so(CInterfaceManager.cpp-L6260)     Description:CamCtrl RecvThread Start, ThreadId[1862969568]     Solution:
Info    2026-05-05 18:38:37  DevID:MV-CU013-A0UC(DA6038615)  Source-Line:libMvCameraControl.so(CInterfaceManager.cpp-L6028)     Description:CamCtrl Display Thread Start, ThreadId[1854515424]     Solution:
Info    2026-05-05 18:38:37  DevID:MV-CU013-A0UC(DA6038615)  Source-Line:libMvCameraControl.so(CInterfaceManager.cpp-L1792)     Description:There is no registration callback     Solution:
Info    2026-05-05 18:38:37  DevID:MV-CU013-A0UC(DA6038615)  Source-Line:libMvCameraControl.so(CInterfaceManager.cpp-L1797)     Description:[MV_CC_StartGrabbing] return[0x0]     Solution:
Info    2026-05-05 18:39:30  DevID:MV-CU013-A0UC(DA6038615)  Source-Line:libMvCameraControl.so(CInterfaceManager.cpp-L1881)     Description:[StopGrabbing] return[0x0]     Solution:
Info    2026-05-05 18:39:30  DevID:MV-CU013-A0UC(DA6038615)  Source-Line:libMvCameraControl.so(CInterfaceManager.cpp-L6490)     Description:RecvThread Process Exit     Solution:
Info    2026-05-05 18:39:30  DevID:MV-CU013-A0UC(DA6038615)  Source-Line:libMvCameraControl.so(CInterfaceManager.cpp-L6244)     Description:Display process exit     Solution:
Info    2026-05-05 18:39:31  DevID:MV-CU013-A0UC(DA6038615)  Source-Line:libMvCameraControl.so(CInterfaceManager.cpp-L1166)     Description:[CloseDevice] return[0x0]     Solution:
Info    2026-05-05 18:39:35  DevID:MV-CU013-A0UC(DA6038615)  Source-Line:libMvCameraControl.so(CInterfaceManager.cpp-L0809)     Description:Current dynamic library path[/root/dart_ws/install/hik_camera/lib/libMvCameraControl.so]     Solution:
Info    2026-05-05 18:39:35  DevID:MV-CU013-A0UC(DA6038615)  Source-Line:libMvCameraControl.so(CInterfaceManager.cpp-L0812)     Description:CamCtl_Version: 3.2.0.3     Solution:
Info    2026-05-05 18:39:35  DevID:MV-CU013-A0UC(DA6038615)  Source-Line:libMvCameraControl.so(CInterfaceManager.cpp-L0813)     Description:CamCtl_Description: BaseLine Build 20210715     Solution:
Info    2026-05-05 18:39:35  DevID:MV-CU013-A0UC(DA6038615)  Source-Line:libMvCameraControl.so(CInterfaceManager.cpp-L0815)     Description:[MV_CC_CreateHandle] return[0x0]     Solution:
Info    2026-05-05 18:39:35  DevID:MV-CU013-A0UC(DA6038615)  Source-Line:libMvCameraControl.so(CInterfaceManager.cpp-L6655)     Description:CamCtrl[0x3020003], U3V SDKVersion[0x3020003], DriverVersion[0x0]     Solution:
Info    2026-05-05 18:39:36  DevID:MV-CU013-A0UC(DA6038615)  Source-Line:libMvCameraControl.so(CInterfaceManager.cpp-L4229)     Description:[MV_CC_InvalidateNodes] return[0x0]     Solution:
Info    2026-05-05 18:39:36  DevID:MV-CU013-A0UC(DA6038615)  Source-Line:libMvCameraControl.so(CInterfaceManager.cpp-L1086)     Description:[MV_CC_OpenDevice] nPrivilegeMode[1], nSwitchoverKey[0], return[0x0]     Solution:
Info    2026-05-05 18:39:36  DevID:MV-CU013-A0UC(DA6038615)  Source-Line:libMvCameraControl.so(CInterfaceManager.cpp-L3677)     Description:[MV_CC_GetImageInfo] return[0x0]     Solution:
Info    2026-05-05 18:39:37  DevID:MV-CU013-A0UC(DA6038615)  Source-Line:libMvCameraControl.so(CInterfaceManager.cpp-L1703)     Description:U3V, DeviceModelName[MV-CU013-A0UC], DeviceFirmwareVersion[V4.0.3 2501151470911 230925F1], DeviceMaxThroughput[375000]     Solution:
Info    2026-05-05 18:39:37  DevID:MV-CU013-A0UC(DA6038615)  Source-Line:libMvCameraControl.so(CInterfaceManager.cpp-L1708)     Description:U3V, Width[1280], Height[720], OffsetX[0], OffsetY[152], PixelFormat[0x108000a], AcquisitionMode[2]     Solution:
Info    2026-05-05 18:39:37  DevID:MV-CU013-A0UC(DA6038615)  Source-Line:libMvCameraControl.so(CInterfaceManager.cpp-L1713)     Description:U3V, TriggerMode[0], ResultingFrameRate[126.01], ExposureTime[3000.00], ExposureAuto[0], PayloadSize[921600]     Solution:
Info    2026-05-05 18:39:37  DevID:MV-CU013-A0UC(DA6038615)  Source-Line:libMvCameraControl.so(CInterfaceManager.cpp-L6260)     Description:CamCtrl RecvThread Start, ThreadId[998172896]     Solution:
Info    2026-05-05 18:39:37  DevID:MV-CU013-A0UC(DA6038615)  Source-Line:libMvCameraControl.so(CInterfaceManager.cpp-L6028)     Description:CamCtrl Display Thread Start, ThreadId[989718752]     Solution:
Info    2026-05-05 18:39:37  DevID:MV-CU013-A0UC(DA6038615)  Source-Line:libMvCameraControl.so(CInterfaceManager.cpp-L1792)     Description:There is no registration callback     Solution:
Info    2026-05-05 18:39:37  DevID:MV-CU013-A0UC(DA6038615)  Source-Line:libMvCameraControl.so(CInterfaceManager.cpp-L1797)     Description:[MV_CC_StartGrabbing] return[0x0]     Solution:
Info    2026-05-05 18:40:09  DevID:MV-CU013-A0UC(DA6038615)  Source-Line:libMvCameraControl.so(CInterfaceManager.cpp-L1881)     Description:[StopGrabbing] return[0x0]     Solution:
Info    2026-05-05 18:40:09  DevID:MV-CU013-A0UC(DA6038615)  Source-Line:libMvCameraControl.so(CInterfaceManager.cpp-L6490)     Description:RecvThread Process Exit     Solution:
Info    2026-05-05 18:40:09  DevID:MV-CU013-A0UC(DA6038615)  Source-Line:libMvCameraControl.so(CInterfaceManager.cpp-L6244)     Description:Display process exit     Solution:
Info    2026-05-05 18:40:11  DevID:MV-CU013-A0UC(DA6038615)  Source-Line:libMvCameraControl.so(CInterfaceManager.cpp-L1166)     Description:[CloseDevice] return[0x0]     Solution:
Info    2026-05-05 18:45:26  DevID:MV-CU013-A0UC(DA6038615)  Source-Line:libMvCameraControl.so(CInterfaceManager.cpp-L0809)     Description:Current dynamic library path[/root/dart_ws/install/hik_camera/lib/libMvCameraControl.so]     Solution:
Info    2026-05-05 18:45:26  DevID:MV-CU013-A0UC(DA6038615)  Source-Line:libMvCameraControl.so(CInterfaceManager.cpp-L0812)     Description:CamCtl_Version: 3.2.0.3     Solution:
Info    2026-05-05 18:45:26  DevID:MV-CU013-A0UC(DA6038615)  Source-Line:libMvCameraControl.so(CInterfaceManager.cpp-L0813)     Description:CamCtl_Description: BaseLine Build 20210715     Solution:
Info    2026-05-05 18:45:26  DevID:MV-CU013-A0UC(DA6038615)  Source-Line:libMvCameraControl.so(CInterfaceManager.cpp-L0815)     Description:[MV_CC_CreateHandle] return[0x0]     Solution:
Info    2026-05-05 18:45:26  DevID:MV-CU013-A0UC(DA6038615)  Source-Line:libMvCameraControl.so(CInterfaceManager.cpp-L6655)     Description:CamCtrl[0x3020003], U3V SDKVersion[0x3020003], DriverVersion[0x0]     Solution:
Info    2026-05-05 18:45:27  DevID:MV-CU013-A0UC(DA6038615)  Source-Line:libMvCameraControl.so(CInterfaceManager.cpp-L4229)     Description:[MV_CC_InvalidateNodes] return[0x0]     Solution:
Info    2026-05-05 18:45:27  DevID:MV-CU013-A0UC(DA6038615)  Source-Line:libMvCameraControl.so(CInterfaceManager.cpp-L1086)     Description:[MV_CC_OpenDevice] nPrivilegeMode[1], nSwitchoverKey[0], return[0x0]     Solution:
Info    2026-05-05 18:45:28  DevID:MV-CU013-A0UC(DA6038615)  Source-Line:libMvCameraControl.so(CInterfaceManager.cpp-L3677)     Description:[MV_CC_GetImageInfo] return[0x0]     Solution:
Info    2026-05-05 18:45:28  DevID:MV-CU013-A0UC(DA6038615)  Source-Line:libMvCameraControl.so(CInterfaceManager.cpp-L1703)     Description:U3V, DeviceModelName[MV-CU013-A0UC], DeviceFirmwareVersion[V4.0.3 2501151470911 230925F1], DeviceMaxThroughput[375000]     Solution:
Info    2026-05-05 18:45:28  DevID:MV-CU013-A0UC(DA6038615)  Source-Line:libMvCameraControl.so(CInterfaceManager.cpp-L1708)     Description:U3V, Width[1280], Height[720], OffsetX[0], OffsetY[152], PixelFormat[0x108000a], AcquisitionMode[2]     Solution:
Info    2026-05-05 18:45:28  DevID:MV-CU013-A0UC(DA6038615)  Source-Line:libMvCameraControl.so(CInterfaceManager.cpp-L1713)     Description:U3V, TriggerMode[0], ResultingFrameRate[126.01], ExposureTime[3000.00], ExposureAuto[0], PayloadSize[921600]     Solution:
Info    2026-05-05 18:45:28  DevID:MV-CU013-A0UC(DA6038615)  Source-Line:libMvCameraControl.so(CInterfaceManager.cpp-L6260)     Description:CamCtrl RecvThread Start, ThreadId[1292085472]     Solution:
Info    2026-05-05 18:45:28  DevID:MV-CU013-A0UC(DA6038615)  Source-Line:libMvCameraControl.so(CInterfaceManager.cpp-L1792)     Description:There is no registration callback     Solution:
Info    2026-05-05 18:45:28  DevID:MV-CU013-A0UC(DA6038615)  Source-Line:libMvCameraControl.so(CInterfaceManager.cpp-L6028)     Description:CamCtrl Display Thread Start, ThreadId[1283631328]     Solution:
Info    2026-05-05 18:45:28  DevID:MV-CU013-A0UC(DA6038615)  Source-Line:libMvCameraControl.so(CInterfaceManager.cpp-L1797)     Description:[MV_CC_StartGrabbing] return[0x0]     Solution:
Info    2026-05-05 18:46:08  DevID:MV-CU013-A0UC(DA6038615)  Source-Line:libMvCameraControl.so(CInterfaceManager.cpp-L1881)     Description:[StopGrabbing] return[0x0]     Solution:
Info    2026-05-05 18:46:08  DevID:MV-CU013-A0UC(DA6038615)  Source-Line:libMvCameraControl.so(CInterfaceManager.cpp-L6490)     Description:RecvThread Process Exit     Solution:
Info    2026-05-05 18:46:08  DevID:MV-CU013-A0UC(DA6038615)  Source-Line:libMvCameraControl.so(CInterfaceManager.cpp-L6244)     Description:Display process exit     Solution:
Info    2026-05-05 18:46:10  DevID:MV-CU013-A0UC(DA6038615)  Source-Line:libMvCameraControl.so(CInterfaceManager.cpp-L1166)     Description:[CloseDevice] return[0x0]     Solution:
Info    2026-05-05 19:03:48  DevID:MV-CU013-A0UC(DA6038615)  Source-Line:libMvCameraControl.so(CInterfaceManager.cpp-L0809)     Description:Current dynamic library path[/root/dart_ws/install/hik_camera/lib/libMvCameraControl.so]     Solution:
Info    2026-05-05 19:03:48  DevID:MV-CU013-A0UC(DA6038615)  Source-Line:libMvCameraControl.so(CInterfaceManager.cpp-L0812)     Description:CamCtl_Version: 3.2.0.3     Solution:
Info    2026-05-05 19:03:48  DevID:MV-CU013-A0UC(DA6038615)  Source-Line:libMvCameraControl.so(CInterfaceManager.cpp-L0813)     Description:CamCtl_Description: BaseLine Build 20210715     Solution:
Info    2026-05-05 19:03:48  DevID:MV-CU013-A0UC(DA6038615)  Source-Line:libMvCameraControl.so(CInterfaceManager.cpp-L0815)     Description:[MV_CC_CreateHandle] return[0x0]     Solution:
Info    2026-05-05 19:03:48  DevID:MV-CU013-A0UC(DA6038615)  Source-Line:libMvCameraControl.so(CInterfaceManager.cpp-L6655)     Description:CamCtrl[0x3020003], U3V SDKVersion[0x3020003], DriverVersion[0x0]     Solution:
Info    2026-05-05 19:03:49  DevID:MV-CU013-A0UC(DA6038615)  Source-Line:libMvCameraControl.so(CInterfaceManager.cpp-L4229)     Description:[MV_CC_InvalidateNodes] return[0x0]     Solution:
Info    2026-05-05 19:03:49  DevID:MV-CU013-A0UC(DA6038615)  Source-Line:libMvCameraControl.so(CInterfaceManager.cpp-L1086)     Description:[MV_CC_OpenDevice] nPrivilegeMode[1], nSwitchoverKey[0], return[0x0]     Solution:
Info    2026-05-05 19:03:49  DevID:MV-CU013-A0UC(DA6038615)  Source-Line:libMvCameraControl.so(CInterfaceManager.cpp-L3677)     Description:[MV_CC_GetImageInfo] return[0x0]     Solution:
Info    2026-05-05 19:03:50  DevID:MV-CU013-A0UC(DA6038615)  Source-Line:libMvCameraControl.so(CInterfaceManager.cpp-L1703)     Description:U3V, DeviceModelName[MV-CU013-A0UC], DeviceFirmwareVersion[V4.0.3 2501151470911 230925F1], DeviceMaxThroughput[375000]     Solution:
Info    2026-05-05 19:03:50  DevID:MV-CU013-A0UC(DA6038615)  Source-Line:libMvCameraControl.so(CInterfaceManager.cpp-L1708)     Description:U3V, Width[1280], Height[720], OffsetX[0], OffsetY[152], PixelFormat[0x108000a], AcquisitionMode[2]     Solution:
Info    2026-05-05 19:03:50  DevID:MV-CU013-A0UC(DA6038615)  Source-Line:libMvCameraControl.so(CInterfaceManager.cpp-L1713)     Description:U3V, TriggerMode[0], ResultingFrameRate[126.01], ExposureTime[3000.00], ExposureAuto[0], PayloadSize[921600]     Solution:
Info    2026-05-05 19:03:50  DevID:MV-CU013-A0UC(DA6038615)  Source-Line:libMvCameraControl.so(CInterfaceManager.cpp-L6260)     Description:CamCtrl RecvThread Start, ThreadId[1419880672]     Solution:
Info    2026-05-05 19:03:50  DevID:MV-CU013-A0UC(DA6038615)  Source-Line:libMvCameraControl.so(CInterfaceManager.cpp-L1792)     Description:There is no registration callback     Solution:
Info    2026-05-05 19:03:50  DevID:MV-CU013-A0UC(DA6038615)  Source-Line:libMvCameraControl.so(CInterfaceManager.cpp-L6028)     Description:CamCtrl Display Thread Start, ThreadId[1342171360]     Solution:
Info    2026-05-05 19:03:50  DevID:MV-CU013-A0UC(DA6038615)  Source-Line:libMvCameraControl.so(CInterfaceManager.cpp-L1797)     Description:[MV_CC_StartGrabbing] return[0x0]     Solution:
Info    2026-05-05 19:24:05  DevID:MV-CU013-A0UC(DA6038615)  Source-Line:libMvCameraControl.so(CInterfaceManager.cpp-L1881)     Description:[StopGrabbing] return[0x0]     Solution:
Info    2026-05-05 19:24:05  DevID:MV-CU013-A0UC(DA6038615)  Source-Line:libMvCameraControl.so(CInterfaceManager.cpp-L6490)     Description:RecvThread Process Exit     Solution:
Info    2026-05-05 19:24:05  DevID:MV-CU013-A0UC(DA6038615)  Source-Line:libMvCameraControl.so(CInterfaceManager.cpp-L6244)     Description:Display process exit     Solution:
Info    2026-05-05 19:24:06  DevID:MV-CU013-A0UC(DA6038615)  Source-Line:libMvCameraControl.so(CInterfaceManager.cpp-L1166)     Description:[CloseDevice] return[0x0]     Solution:
Info    2026-05-05 19:24:09  DevID:MV-CU013-A0UC(DA6038615)  Source-Line:libMvCameraControl.so(CInterfaceManager.cpp-L0809)     Description:Current dynamic library path[/root/dart_ws/install/hik_camera/lib/libMvCameraControl.so]     Solution:
Info    2026-05-05 19:24:09  DevID:MV-CU013-A0UC(DA6038615)  Source-Line:libMvCameraControl.so(CInterfaceManager.cpp-L0812)     Description:CamCtl_Version: 3.2.0.3     Solution:
Info    2026-05-05 19:24:09  DevID:MV-CU013-A0UC(DA6038615)  Source-Line:libMvCameraControl.so(CInterfaceManager.cpp-L0813)     Description:CamCtl_Description: BaseLine Build 20210715     Solution:
Info    2026-05-05 19:24:09  DevID:MV-CU013-A0UC(DA6038615)  Source-Line:libMvCameraControl.so(CInterfaceManager.cpp-L0815)     Description:[MV_CC_CreateHandle] return[0x0]     Solution:
Info    2026-05-05 19:24:09  DevID:MV-CU013-A0UC(DA6038615)  Source-Line:libMvCameraControl.so(CInterfaceManager.cpp-L6655)     Description:CamCtrl[0x3020003], U3V SDKVersion[0x3020003], DriverVersion[0x0]     Solution:
Info    2026-05-05 19:24:11  DevID:MV-CU013-A0UC(DA6038615)  Source-Line:libMvCameraControl.so(CInterfaceManager.cpp-L4229)     Description:[MV_CC_InvalidateNodes] return[0x0]     Solution:
Info    2026-05-05 19:24:11  DevID:MV-CU013-A0UC(DA6038615)  Source-Line:libMvCameraControl.so(CInterfaceManager.cpp-L1086)     Description:[MV_CC_OpenDevice] nPrivilegeMode[1], nSwitchoverKey[0], return[0x0]     Solution:
Info    2026-05-05 19:24:11  DevID:MV-CU013-A0UC(DA6038615)  Source-Line:libMvCameraControl.so(CInterfaceManager.cpp-L3677)     Description:[MV_CC_GetImageInfo] return[0x0]     Solution:
Info    2026-05-05 19:24:11  DevID:MV-CU013-A0UC(DA6038615)  Source-Line:libMvCameraControl.so(CInterfaceManager.cpp-L1703)     Description:U3V, DeviceModelName[MV-CU013-A0UC], DeviceFirmwareVersion[V4.0.3 2501151470911 230925F1], DeviceMaxThroughput[375000]     Solution:
Info    2026-05-05 19:24:11  DevID:MV-CU013-A0UC(DA6038615)  Source-Line:libMvCameraControl.so(CInterfaceManager.cpp-L1708)     Description:U3V, Width[1280], Height[720], OffsetX[0], OffsetY[152], PixelFormat[0x108000a], AcquisitionMode[2]     Solution:
Info    2026-05-05 19:24:11  DevID:MV-CU013-A0UC(DA6038615)  Source-Line:libMvCameraControl.so(CInterfaceManager.cpp-L1713)     Description:U3V, TriggerMode[0], ResultingFrameRate[126.01], ExposureTime[3000.00], ExposureAuto[0], PayloadSize[921600]     Solution:
Info    2026-05-05 19:24:11  DevID:MV-CU013-A0UC(DA6038615)  Source-Line:libMvCameraControl.so(CInterfaceManager.cpp-L6260)     Description:CamCtrl RecvThread Start, ThreadId[1166649568]     Solution:
Info    2026-05-05 19:24:11  DevID:MV-CU013-A0UC(DA6038615)  Source-Line:libMvCameraControl.so(CInterfaceManager.cpp-L6028)     Description:CamCtrl Display Thread Start, ThreadId[1158195424]     Solution:
Info    2026-05-05 19:24:11  DevID:MV-CU013-A0UC(DA6038615)  Source-Line:libMvCameraControl.so(CInterfaceManager.cpp-L1792)     Description:There is no registration callback     Solution:
Info    2026-05-05 19:24:11  DevID:MV-CU013-A0UC(DA6038615)  Source-Line:libMvCameraControl.so(CInterfaceManager.cpp-L1797)     Description:[MV_CC_StartGrabbing] return[0x0]     Solution:
Info    2026-05-05 19:38:48  DevID:MV-CU013-A0UC(DA6038615)  Source-Line:libMvCameraControl.so(CInterfaceManager.cpp-L1881)     Description:[StopGrabbing] return[0x0]     Solution:
Info    2026-05-05 19:38:48  DevID:MV-CU013-A0UC(DA6038615)  Source-Line:libMvCameraControl.so(CInterfaceManager.cpp-L6244)     Description:Display process exit     Solution:
Info    2026-05-05 19:38:48  DevID:MV-CU013-A0UC(DA6038615)  Source-Line:libMvCameraControl.so(CInterfaceManager.cpp-L6490)     Description:RecvThread Process Exit     Solution:
Info    2026-05-05 19:38:49  DevID:MV-CU013-A0UC(DA6038615)  Source-Line:libMvCameraControl.so(CInterfaceManager.cpp-L1166)     Description:[CloseDevice] return[0x0]     Solution:
Info    2026-05-05 19:48:15  DevID:MV-CU013-A0UC(DA6038615)  Source-Line:libMvCameraControl.so(CInterfaceManager.cpp-L0809)     Description:Current dynamic library path[/root/dart_ws/install/hik_camera/lib/libMvCameraControl.so]     Solution:
Info    2026-05-05 19:48:15  DevID:MV-CU013-A0UC(DA6038615)  Source-Line:libMvCameraControl.so(CInterfaceManager.cpp-L0812)     Description:CamCtl_Version: 3.2.0.3     Solution:
Info    2026-05-05 19:48:15  DevID:MV-CU013-A0UC(DA6038615)  Source-Line:libMvCameraControl.so(CInterfaceManager.cpp-L0813)     Description:CamCtl_Description: BaseLine Build 20210715     Solution:
Info    2026-05-05 19:48:15  DevID:MV-CU013-A0UC(DA6038615)  Source-Line:libMvCameraControl.so(CInterfaceManager.cpp-L0815)     Description:[MV_CC_CreateHandle] return[0x0]     Solution:
Info    2026-05-05 19:48:15  DevID:MV-CU013-A0UC(DA6038615)  Source-Line:libMvCameraControl.so(CInterfaceManager.cpp-L6655)     Description:CamCtrl[0x3020003], U3V SDKVersion[0x3020003], DriverVersion[0x0]     Solution:
Info    2026-05-05 19:48:16  DevID:MV-CU013-A0UC(DA6038615)  Source-Line:libMvCameraControl.so(CInterfaceManager.cpp-L4229)     Description:[MV_CC_InvalidateNodes] return[0x0]     Solution:
Info    2026-05-05 19:48:16  DevID:MV-CU013-A0UC(DA6038615)  Source-Line:libMvCameraControl.so(CInterfaceManager.cpp-L1086)     Description:[MV_CC_OpenDevice] nPrivilegeMode[1], nSwitchoverKey[0], return[0x0]     Solution:
Info    2026-05-05 19:48:16  DevID:MV-CU013-A0UC(DA6038615)  Source-Line:libMvCameraControl.so(CInterfaceManager.cpp-L3677)     Description:[MV_CC_GetImageInfo] return[0x0]     Solution:
Info    2026-05-05 19:48:16  DevID:MV-CU013-A0UC(DA6038615)  Source-Line:libMvCameraControl.so(CInterfaceManager.cpp-L1703)     Description:U3V, DeviceModelName[MV-CU013-A0UC], DeviceFirmwareVersion[V4.0.3 2501151470911 230925F1], DeviceMaxThroughput[375000]     Solution:
Info    2026-05-05 19:48:16  DevID:MV-CU013-A0UC(DA6038615)  Source-Line:libMvCameraControl.so(CInterfaceManager.cpp-L1708)     Description:U3V, Width[1280], Height[720], OffsetX[0], OffsetY[152], PixelFormat[0x108000a], AcquisitionMode[2]     Solution:
Info    2026-05-05 19:48:16  DevID:MV-CU013-A0UC(DA6038615)  Source-Line:libMvCameraControl.so(CInterfaceManager.cpp-L1713)     Description:U3V, TriggerMode[0], ResultingFrameRate[126.01], ExposureTime[3000.00], ExposureAuto[0], PayloadSize[921600]     Solution:
Info    2026-05-05 19:48:16  DevID:MV-CU013-A0UC(DA6038615)  Source-Line:libMvCameraControl.so(CInterfaceManager.cpp-L6260)     Description:CamCtrl RecvThread Start, ThreadId[1318693088]     Solution:
Info    2026-05-05 19:48:16  DevID:MV-CU013-A0UC(DA6038615)  Source-Line:libMvCameraControl.so(CInterfaceManager.cpp-L1792)     Description:There is no registration callback     Solution:
Info    2026-05-05 19:48:16  DevID:MV-CU013-A0UC(DA6038615)  Source-Line:libMvCameraControl.so(CInterfaceManager.cpp-L6028)     Description:CamCtrl Display Thread Start, ThreadId[1310238944]     Solution:
Info    2026-05-05 19:48:16  DevID:MV-CU013-A0UC(DA6038615)  Source-Line:libMvCameraControl.so(CInterfaceManager.cpp-L1797)     Description:[MV_CC_StartGrabbing] return[0x0]     Solution:
                                                                                                                                                                                                                                                                                                                                                                                                                                                                                                                                                                                                                                                                                                                                              Info    2026-05-06 18:41:47  DevID:MV-CU013-A0UC(DA6038615)  Source-Line:libMvCameraControl.so(CInterfaceManager.cpp-L0809)     Description:Current dynamic library path[/root/dart_ws/install/hik_camera/lib/libMvCameraControl.so]     Solution:
Info    2026-05-06 18:41:47  DevID:MV-CU013-A0UC(DA6038615)  Source-Line:libMvCameraControl.so(CInterfaceManager.cpp-L0812)     Description:CamCtl_Version: 3.2.0.3     Solution:
Info    2026-05-06 18:41:47  DevID:MV-CU013-A0UC(DA6038615)  Source-Line:libMvCameraControl.so(CInterfaceManager.cpp-L0813)     Description:CamCtl_Description: BaseLine Build 20210715     Solution:
Info    2026-05-06 18:41:47  DevID:MV-CU013-A0UC(DA6038615)  Source-Line:libMvCameraControl.so(CInterfaceManager.cpp-L0815)     Description:[MV_CC_CreateHandle] return[0x0]     Solution:
Info    2026-05-06 18:41:47  DevID:MV-CU013-A0UC(DA6038615)  Source-Line:libMvCameraControl.so(CInterfaceManager.cpp-L6655)     Description:CamCtrl[0x3020003], U3V SDKVersion[0x3020003], DriverVersion[0x0]     Solution:
Info    2026-05-06 18:41:48  DevID:MV-CU013-A0UC(DA6038615)  Source-Line:libMvCameraControl.so(CInterfaceManager.cpp-L4229)     Description:[MV_CC_InvalidateNodes] return[0x0]     Solution:
Info    2026-05-06 18:41:48  DevID:MV-CU013-A0UC(DA6038615)  Source-Line:libMvCameraControl.so(CInterfaceManager.cpp-L1086)     Description:[MV_CC_OpenDevice] nPrivilegeMode[1], nSwitchoverKey[0], return[0x0]     Solution:
Info    2026-05-06 18:41:48  DevID:MV-CU013-A0UC(DA6038615)  Source-Line:libMvCameraControl.so(CInterfaceManager.cpp-L3677)     Description:[MV_CC_GetImageInfo] return[0x0]     Solution:
Info    2026-05-06 18:41:48  DevID:MV-CU013-A0UC(DA6038615)  Source-Line:libMvCameraControl.so(CInterfaceManager.cpp-L1703)     Description:U3V, DeviceModelName[MV-CU013-A0UC], DeviceFirmwareVersion[V4.0.3 2501151470911 230925F1], DeviceMaxThroughput[375000]     Solution:
Info    2026-05-06 18:41:48  DevID:MV-CU013-A0UC(DA6038615)  Source-Line:libMvCameraControl.so(CInterfaceManager.cpp-L1708)     Description:U3V, Width[1280], Height[720], OffsetX[0], OffsetY[152], PixelFormat[0x108000a], AcquisitionMode[2]     Solution:
Info    2026-05-06 18:41:48  DevID:MV-CU013-A0UC(DA6038615)  Source-Line:libMvCameraControl.so(CInterfaceManager.cpp-L1713)     Description:U3V, TriggerMode[0], ResultingFrameRate[126.01], ExposureTime[3000.00], ExposureAuto[0], PayloadSize[921600]     Solution:
Info    2026-05-06 18:41:48  DevID:MV-CU013-A0UC(DA6038615)  Source-Line:libMvCameraControl.so(CInterfaceManager.cpp-L6260)     Description:CamCtrl RecvThread Start, ThreadId[1512876256]     Solution:
Info    2026-05-06 18:41:48  DevID:MV-CU013-A0UC(DA6038615)  Source-Line:libMvCameraControl.so(CInterfaceManager.cpp-L6028)     Description:CamCtrl Display Thread Start, ThreadId[1504422112]     Solution:
Info    2026-05-06 18:41:48  DevID:MV-CU013-A0UC(DA6038615)  Source-Line:libMvCameraControl.so(CInterfaceManager.cpp-L1792)     Description:There is no registration callback     Solution:
Info    2026-05-06 18:41:48  DevID:MV-CU013-A0UC(DA6038615)  Source-Line:libMvCameraControl.so(CInterfaceManager.cpp-L1797)     Description:[MV_CC_StartGrabbing] return[0x0]     Solution:
Info    2026-05-06 18:55:32  DevID:MV-CU013-A0UC(DA6038615)  Source-Line:libMvCameraControl.so(CInterfaceManager.cpp-L1881)     Description:[StopGrabbing] return[0x0]     Solution:
Info    2026-05-06 18:55:32  DevID:MV-CU013-A0UC(DA6038615)  Source-Line:libMvCameraControl.so(CInterfaceManager.cpp-L6244)     Description:Display process exit     Solution:
Info    2026-05-06 18:55:32  DevID:MV-CU013-A0UC(DA6038615)  Source-Line:libMvCameraControl.so(CInterfaceManager.cpp-L6490)     Description:RecvThread Process Exit     Solution:
Info    2026-05-06 18:55:34  DevID:MV-CU013-A0UC(DA6038615)  Source-Line:libMvCameraControl.so(CInterfaceManager.cpp-L1166)     Description:[CloseDevice] return[0x0]     Solution:
                                                                                                                                                                                                                                                                                                                                                                                                                                                                                                                                                                                                                                                                                                                                                                                                                                                                                                                                                                                                                                                                                                                                                                                                                                                                                                                                                                                                                                                                                                                                                                                                                                                                                                                                                                                                                                                                                                                                                                                                                                                                                                                                                                                                                                                                                                                                                                                                                                                                                                                                                                                                                                                                                                                                                                                                                                                                                                                                                                                    Info    2026-05-06 23:14:09  DevID:MV-CU013-A0UC(DA6038615)  Source-Line:libMvCameraControl.so(CInterfaceManager.cpp-L0809)     Description:Current dynamic library path[/root/dart_ws/install/hik_camera/lib/libMvCameraControl.so]     Solution:
Info    2026-05-06 23:14:09  DevID:MV-CU013-A0UC(DA6038615)  Source-Line:libMvCameraControl.so(CInterfaceManager.cpp-L0812)     Description:CamCtl_Version: 3.2.0.3     Solution:
Info    2026-05-06 23:14:09  DevID:MV-CU013-A0UC(DA6038615)  Source-Line:libMvCameraControl.so(CInterfaceManager.cpp-L0813)     Description:CamCtl_Description: BaseLine Build 20210715     Solution:
Info    2026-05-06 23:14:09  DevID:MV-CU013-A0UC(DA6038615)  Source-Line:libMvCameraControl.so(CInterfaceManager.cpp-L0815)     Description:[MV_CC_CreateHandle] return[0x0]     Solution:
Info    2026-05-06 23:14:09  DevID:MV-CU013-A0UC(DA6038615)  Source-Line:libMvCameraControl.so(CInterfaceManager.cpp-L6655)     Description:CamCtrl[0x3020003], U3V SDKVersion[0x3020003], DriverVersion[0x0]     Solution:
Info    2026-05-06 23:14:10  DevID:MV-CU013-A0UC(DA6038615)  Source-Line:libMvCameraControl.so(CInterfaceManager.cpp-L4229)     Description:[MV_CC_InvalidateNodes] return[0x0]     Solution:
Info    2026-05-06 23:14:10  DevID:MV-CU013-A0UC(DA6038615)  Source-Line:libMvCameraControl.so(CInterfaceManager.cpp-L1086)     Description:[MV_CC_OpenDevice] nPrivilegeMode[1], nSwitchoverKey[0], return[0x0]     Solution:
Info    2026-05-06 23:14:10  DevID:MV-CU013-A0UC(DA6038615)  Source-Line:libMvCameraControl.so(CInterfaceManager.cpp-L3677)     Description:[MV_CC_GetImageInfo] return[0x0]     Solution:
Info    2026-05-06 23:14:11  DevID:MV-CU013-A0UC(DA6038615)  Source-Line:libMvCameraControl.so(CInterfaceManager.cpp-L1703)     Description:U3V, DeviceModelName[MV-CU013-A0UC], DeviceFirmwareVersion[V4.0.3 2501151470911 230925F1], DeviceMaxThroughput[375000]     Solution:
Info    2026-05-06 23:14:11  DevID:MV-CU013-A0UC(DA6038615)  Source-Line:libMvCameraControl.so(CInterfaceManager.cpp-L1708)     Description:U3V, Width[1280], Height[720], OffsetX[0], OffsetY[152], PixelFormat[0x108000a], AcquisitionMode[2]     Solution:
Info    2026-05-06 23:14:11  DevID:MV-CU013-A0UC(DA6038615)  Source-Line:libMvCameraControl.so(CInterfaceManager.cpp-L1713)     Description:U3V, TriggerMode[0], ResultingFrameRate[126.01], ExposureTime[3000.00], ExposureAuto[0], PayloadSize[921600]     Solution:
Info    2026-05-06 23:14:11  DevID:MV-CU013-A0UC(DA6038615)  Source-Line:libMvCameraControl.so(CInterfaceManager.cpp-L6260)     Description:CamCtrl RecvThread Start, ThreadId[1650829536]     Solution:
Info    2026-05-06 23:14:11  DevID:MV-CU013-A0UC(DA6038615)  Source-Line:libMvCameraControl.so(CInterfaceManager.cpp-L1792)     Description:There is no registration callback     Solution:
Info    2026-05-06 23:14:11  DevID:MV-CU013-A0UC(DA6038615)  Source-Line:libMvCameraControl.so(CInterfaceManager.cpp-L6028)     Description:CamCtrl Display Thread Start, ThreadId[1642375392]     Solution:
Info    2026-05-06 23:14:11  DevID:MV-CU013-A0UC(DA6038615)  Source-Line:libMvCameraControl.so(CInterfaceManager.cpp-L1797)     Description:[MV_CC_StartGrabbing] return[0x0]     Solution:
Info    2026-05-10 21:06:32  DevID:MV-CU013-A0UC(DA6038615)  Source-Line:libMvCameraControl.so(CInterfaceManager.cpp-L0809)     Description:Current dynamic library path[/root/dart_ws/install/hik_camera/lib/libMvCameraControl.so]     Solution:
Info    2026-05-10 21:06:32  DevID:MV-CU013-A0UC(DA6038615)  Source-Line:libMvCameraControl.so(CInterfaceManager.cpp-L0812)     Description:CamCtl_Version: 3.2.0.3     Solution:
Info    2026-05-10 21:06:32  DevID:MV-CU013-A0UC(DA6038615)  Source-Line:libMvCameraControl.so(CInterfaceManager.cpp-L0813)     Description:CamCtl_Description: BaseLine Build 20210715     Solution:
Info    2026-05-10 21:06:32  DevID:MV-CU013-A0UC(DA6038615)  Source-Line:libMvCameraControl.so(CInterfaceManager.cpp-L0815)     Description:[MV_CC_CreateHandle] return[0x0]     Solution:
Info    2026-05-10 21:06:32  DevID:MV-CU013-A0UC(DA6038615)  Source-Line:libMvCameraControl.so(CInterfaceManager.cpp-L6655)     Description:CamCtrl[0x3020003], U3V SDKVersion[0x3020003], DriverVersion[0x0]     Solution:
Info    2026-05-10 21:06:33  DevID:MV-CU013-A0UC(DA6038615)  Source-Line:libMvCameraControl.so(CInterfaceManager.cpp-L4229)     Description:[MV_CC_InvalidateNodes] return[0x0]     Solution:
Info    2026-05-10 21:06:33  DevID:MV-CU013-A0UC(DA6038615)  Source-Line:libMvCameraControl.so(CInterfaceManager.cpp-L1086)     Description:[MV_CC_OpenDevice] nPrivilegeMode[1], nSwitchoverKey[0], return[0x0]     Solution:
Info    2026-05-10 21:06:33  DevID:MV-CU013-A0UC(DA6038615)  Source-Line:libMvCameraControl.so(CInterfaceManager.cpp-L3677)     Description:[MV_CC_GetImageInfo] return[0x0]     Solution:
Info    2026-05-10 21:06:33  DevID:MV-CU013-A0UC(DA6038615)  Source-Line:libMvCameraControl.so(CInterfaceManager.cpp-L1703)     Description:U3V, DeviceModelName[MV-CU013-A0UC], DeviceFirmwareVersion[V4.0.3 2501151470911 230925F1], DeviceMaxThroughput[375000]     Solution:
Info    2026-05-10 21:06:33  DevID:MV-CU013-A0UC(DA6038615)  Source-Line:libMvCameraControl.so(CInterfaceManager.cpp-L1708)     Description:U3V, Width[1280], Height[720], OffsetX[0], OffsetY[152], PixelFormat[0x108000a], AcquisitionMode[2]     Solution:
Info    2026-05-10 21:06:33  DevID:MV-CU013-A0UC(DA6038615)  Source-Line:libMvCameraControl.so(CInterfaceManager.cpp-L1713)     Description:U3V, TriggerMode[0], ResultingFrameRate[126.01], ExposureTime[3000.00], ExposureAuto[0], PayloadSize[921600]     Solution:
Info    2026-05-10 21:06:33  DevID:MV-CU013-A0UC(DA6038615)  Source-Line:libMvCameraControl.so(CInterfaceManager.cpp-L6260)     Description:CamCtrl RecvThread Start, ThreadId[1455204576]     Solution:
Info    2026-05-10 21:06:33  DevID:MV-CU013-A0UC(DA6038615)  Source-Line:libMvCameraControl.so(CInterfaceManager.cpp-L1792)     Description:There is no registration callback     Solution:
Info    2026-05-10 21:06:33  DevID:MV-CU013-A0UC(DA6038615)  Source-Line:libMvCameraControl.so(CInterfaceManager.cpp-L6028)     Description:CamCtrl Display Thread Start, ThreadId[1446750432]     Solution:
Info    2026-05-10 21:06:33  DevID:MV-CU013-A0UC(DA6038615)  Source-Line:libMvCameraControl.so(CInterfaceManager.cpp-L1797)     Description:[MV_CC_StartGrabbing] return[0x0]     Solution:
Info    2026-05-10 21:12:02  DevID:MV-CU013-A0UC(DA6038615)  Source-Line:libMvCameraControl.so(CInterfaceManager.cpp-L1881)     Description:[StopGrabbing] return[0x0]     Solution:
Info    2026-05-10 21:12:02  DevID:MV-CU013-A0UC(DA6038615)  Source-Line:libMvCameraControl.so(CInterfaceManager.cpp-L6490)     Description:RecvThread Process Exit     Solution:
Info    2026-05-10 21:12:02  DevID:MV-CU013-A0UC(DA6038615)  Source-Line:libMvCameraControl.so(CInterfaceManager.cpp-L6244)     Description:Display process exit     Solution:
Info    2026-05-10 21:12:03  DevID:MV-CU013-A0UC(DA6038615)  Source-Line:libMvCameraControl.so(CInterfaceManager.cpp-L1166)     Description:[CloseDevice] return[0x0]     Solution:
Info    2026-05-10 21:12:51  DevID:MV-CU013-A0UC(DA6038615)  Source-Line:libMvCameraControl.so(CInterfaceManager.cpp-L0809)     Description:Current dynamic library path[/root/dart_ws/install/hik_camera/lib/libMvCameraControl.so]     Solution:
Info    2026-05-10 21:12:51  DevID:MV-CU013-A0UC(DA6038615)  Source-Line:libMvCameraControl.so(CInterfaceManager.cpp-L0812)     Description:CamCtl_Version: 3.2.0.3     Solution:
Info    2026-05-10 21:12:51  DevID:MV-CU013-A0UC(DA6038615)  Source-Line:libMvCameraControl.so(CInterfaceManager.cpp-L0813)     Description:CamCtl_Description: BaseLine Build 20210715     Solution:
Info    2026-05-10 21:12:51  DevID:MV-CU013-A0UC(DA6038615)  Source-Line:libMvCameraControl.so(CInterfaceManager.cpp-L0815)     Description:[MV_CC_CreateHandle] return[0x0]     Solution:
Info    2026-05-10 21:12:51  DevID:MV-CU013-A0UC(DA6038615)  Source-Line:libMvCameraControl.so(CInterfaceManager.cpp-L6655)     Description:CamCtrl[0x3020003], U3V SDKVersion[0x3020003], DriverVersion[0x0]     Solution:
Info    2026-05-10 21:12:53  DevID:MV-CU013-A0UC(DA6038615)  Source-Line:libMvCameraControl.so(CInterfaceManager.cpp-L4229)     Description:[MV_CC_InvalidateNodes] return[0x0]     Solution:
Info    2026-05-10 21:12:53  DevID:MV-CU013-A0UC(DA6038615)  Source-Line:libMvCameraControl.so(CInterfaceManager.cpp-L1086)     Description:[MV_CC_OpenDevice] nPrivilegeMode[1], nSwitchoverKey[0], return[0x0]     Solution:
Info    2026-05-10 21:12:53  DevID:MV-CU013-A0UC(DA6038615)  Source-Line:libMvCameraControl.so(CInterfaceManager.cpp-L3677)     Description:[MV_CC_GetImageInfo] return[0x0]     Solution:
Info    2026-05-10 21:12:53  DevID:MV-CU013-A0UC(DA6038615)  Source-Line:libMvCameraControl.so(CInterfaceManager.cpp-L1703)     Description:U3V, DeviceModelName[MV-CU013-A0UC], DeviceFirmwareVersion[V4.0.3 2501151470911 230925F1], DeviceMaxThroughput[375000]     Solution:
Info    2026-05-10 21:12:53  DevID:MV-CU013-A0UC(DA6038615)  Source-Line:libMvCameraControl.so(CInterfaceManager.cpp-L1708)     Description:U3V, Width[1280], Height[720], OffsetX[0], OffsetY[152], PixelFormat[0x108000a], AcquisitionMode[2]     Solution:
Info    2026-05-10 21:12:53  DevID:MV-CU013-A0UC(DA6038615)  Source-Line:libMvCameraControl.so(CInterfaceManager.cpp-L1713)     Description:U3V, TriggerMode[0], ResultingFrameRate[126.01], ExposureTime[3000.00], ExposureAuto[0], PayloadSize[921600]     Solution:
Info    2026-05-10 21:12:53  DevID:MV-CU013-A0UC(DA6038615)  Source-Line:libMvCameraControl.so(CInterfaceManager.cpp-L6260)     Description:CamCtrl RecvThread Start, ThreadId[1736370400]     Solution:
Info    2026-05-10 21:12:53  DevID:MV-CU013-A0UC(DA6038615)  Source-Line:libMvCameraControl.so(CInterfaceManager.cpp-L1792)     Description:There is no registration callback     Solution:
Info    2026-05-10 21:12:53  DevID:MV-CU013-A0UC(DA6038615)  Source-Line:libMvCameraControl.so(CInterfaceManager.cpp-L6028)     Description:CamCtrl Display Thread Start, ThreadId[1727916256]     Solution:
Info    2026-05-10 21:12:53  DevID:MV-CU013-A0UC(DA6038615)  Source-Line:libMvCameraControl.so(CInterfaceManager.cpp-L1797)     Description:[MV_CC_StartGrabbing] return[0x0]     Solution:
Info    2026-05-10 21:14:42  DevID:MV-CU013-A0UC(DA6038615)  Source-Line:libMvCameraControl.so(CInterfaceManager.cpp-L1881)     Description:[StopGrabbing] return[0x0]     Solution:
Info    2026-05-10 21:14:43  DevID:MV-CU013-A0UC(DA6038615)  Source-Line:libMvCameraControl.so(CInterfaceManager.cpp-L6244)     Description:Display process exit     Solution:
Info    2026-05-10 21:14:43  DevID:MV-CU013-A0UC(DA6038615)  Source-Line:libMvCameraControl.so(CInterfaceManager.cpp-L6490)     Description:RecvThread Process Exit     Solution:
Info    2026-05-10 21:14:44  DevID:MV-CU013-A0UC(DA6038615)  Source-Line:libMvCameraControl.so(CInterfaceManager.cpp-L1166)     Description:[CloseDevice] return[0x0]     Solution:
Info    2026-05-10 21:30:04  DevID:MV-CU013-A0UC(DA6038615)  Source-Line:libMvCameraControl.so(CInterfaceManager.cpp-L0809)     Description:Current dynamic library path[/root/dart_ws/install/hik_camera/lib/libMvCameraControl.so]     Solution:
Info    2026-05-10 21:30:04  DevID:MV-CU013-A0UC(DA6038615)  Source-Line:libMvCameraControl.so(CInterfaceManager.cpp-L0812)     Description:CamCtl_Version: 3.2.0.3     Solution:
Info    2026-05-10 21:30:04  DevID:MV-CU013-A0UC(DA6038615)  Source-Line:libMvCameraControl.so(CInterfaceManager.cpp-L0813)     Description:CamCtl_Description: BaseLine Build 20210715     Solution:
Info    2026-05-10 21:30:04  DevID:MV-CU013-A0UC(DA6038615)  Source-Line:libMvCameraControl.so(CInterfaceManager.cpp-L0815)     Description:[MV_CC_CreateHandle] return[0x0]     Solution:
Info    2026-05-10 21:30:04  DevID:MV-CU013-A0UC(DA6038615)  Source-Line:libMvCameraControl.so(CInterfaceManager.cpp-L6655)     Description:CamCtrl[0x3020003], U3V SDKVersion[0x3020003], DriverVersion[0x0]     Solution:
Info    2026-05-10 21:30:05  DevID:MV-CU013-A0UC(DA6038615)  Source-Line:libMvCameraControl.so(CInterfaceManager.cpp-L4229)     Description:[MV_CC_InvalidateNodes] return[0x0]     Solution:
Info    2026-05-10 21:30:05  DevID:MV-CU013-A0UC(DA6038615)  Source-Line:libMvCameraControl.so(CInterfaceManager.cpp-L1086)     Description:[MV_CC_OpenDevice] nPrivilegeMode[1], nSwitchoverKey[0], return[0x0]     Solution:
Info    2026-05-10 21:30:05  DevID:MV-CU013-A0UC(DA6038615)  Source-Line:libMvCameraControl.so(CInterfaceManager.cpp-L3677)     Description:[MV_CC_GetImageInfo] return[0x0]     Solution:
Info    2026-05-10 21:30:05  DevID:MV-CU013-A0UC(DA6038615)  Source-Line:libMvCameraControl.so(CInterfaceManager.cpp-L1703)     Description:U3V, DeviceModelName[MV-CU013-A0UC], DeviceFirmwareVersion[V4.0.3 2501151470911 230925F1], DeviceMaxThroughput[375000]     Solution:
Info    2026-05-10 21:30:05  DevID:MV-CU013-A0UC(DA6038615)  Source-Line:libMvCameraControl.so(CInterfaceManager.cpp-L1708)     Description:U3V, Width[1280], Height[720], OffsetX[0], OffsetY[152], PixelFormat[0x108000a], AcquisitionMode[2]     Solution:
Info    2026-05-10 21:30:05  DevID:MV-CU013-A0UC(DA6038615)  Source-Line:libMvCameraControl.so(CInterfaceManager.cpp-L1713)     Description:U3V, TriggerMode[0], ResultingFrameRate[126.01], ExposureTime[3000.00], ExposureAuto[0], PayloadSize[921600]     Solution:
Info    2026-05-10 21:30:05  DevID:MV-CU013-A0UC(DA6038615)  Source-Line:libMvCameraControl.so(CInterfaceManager.cpp-L6260)     Description:CamCtrl RecvThread Start, ThreadId[1174382816]     Solution:
Info    2026-05-10 21:30:05  DevID:MV-CU013-A0UC(DA6038615)  Source-Line:libMvCameraControl.so(CInterfaceManager.cpp-L1792)     Description:There is no registration callback     Solution:
Info    2026-05-10 21:30:05  DevID:MV-CU013-A0UC(DA6038615)  Source-Line:libMvCameraControl.so(CInterfaceManager.cpp-L6028)     Description:CamCtrl Display Thread Start, ThreadId[1165928672]     Solution:
Info    2026-05-10 21:30:05  DevID:MV-CU013-A0UC(DA6038615)  Source-Line:libMvCameraControl.so(CInterfaceManager.cpp-L1797)     Description:[MV_CC_StartGrabbing] return[0x0]     Solution:
Info    2026-05-10 21:35:43  DevID:MV-CU013-A0UC(DA6038615)  Source-Line:libMvCameraControl.so(CInterfaceManager.cpp-L1881)     Description:[StopGrabbing] return[0x0]     Solution:
Info    2026-05-10 21:35:43  DevID:MV-CU013-A0UC(DA6038615)  Source-Line:libMvCameraControl.so(CInterfaceManager.cpp-L6244)     Description:Display process exit     Solution:
Info    2026-05-10 21:35:43  DevID:MV-CU013-A0UC(DA6038615)  Source-Line:libMvCameraControl.so(CInterfaceManager.cpp-L6490)     Description:RecvThread Process Exit     Solution:
Info    2026-05-10 21:35:44  DevID:MV-CU013-A0UC(DA6038615)  Source-Line:libMvCameraControl.so(CInterfaceManager.cpp-L1166)     Description:[CloseDevice] return[0x0]     Solution:
Info    2026-05-10 21:36:22  DevID:MV-CU013-A0UC(DA6038615)  Source-Line:libMvCameraControl.so(CInterfaceManager.cpp-L0809)     Description:Current dynamic library path[/root/dart_ws/install/hik_camera/lib/libMvCameraControl.so]     Solution:
Info    2026-05-10 21:36:22  DevID:MV-CU013-A0UC(DA6038615)  Source-Line:libMvCameraControl.so(CInterfaceManager.cpp-L0812)     Description:CamCtl_Version: 3.2.0.3     Solution:
Info    2026-05-10 21:36:22  DevID:MV-CU013-A0UC(DA6038615)  Source-Line:libMvCameraControl.so(CInterfaceManager.cpp-L0813)     Description:CamCtl_Description: BaseLine Build 20210715     Solution:
Info    2026-05-10 21:36:22  DevID:MV-CU013-A0UC(DA6038615)  Source-Line:libMvCameraControl.so(CInterfaceManager.cpp-L0815)     Description:[MV_CC_CreateHandle] return[0x0]     Solution:
Info    2026-05-10 21:36:22  DevID:MV-CU013-A0UC(DA6038615)  Source-Line:libMvCameraControl.so(CInterfaceManager.cpp-L6655)     Description:CamCtrl[0x3020003], U3V SDKVersion[0x3020003], DriverVersion[0x0]     Solution:
Info    2026-05-10 21:36:23  DevID:MV-CU013-A0UC(DA6038615)  Source-Line:libMvCameraControl.so(CInterfaceManager.cpp-L4229)     Description:[MV_CC_InvalidateNodes] return[0x0]     Solution:
Info    2026-05-10 21:36:23  DevID:MV-CU013-A0UC(DA6038615)  Source-Line:libMvCameraControl.so(CInterfaceManager.cpp-L1086)     Description:[MV_CC_OpenDevice] nPrivilegeMode[1], nSwitchoverKey[0], return[0x0]     Solution:
Info    2026-05-10 21:36:23  DevID:MV-CU013-A0UC(DA6038615)  Source-Line:libMvCameraControl.so(CInterfaceManager.cpp-L3677)     Description:[MV_CC_GetImageInfo] return[0x0]     Solution:
Info    2026-05-10 21:36:23  DevID:MV-CU013-A0UC(DA6038615)  Source-Line:libMvCameraControl.so(CInterfaceManager.cpp-L1703)     Description:U3V, DeviceModelName[MV-CU013-A0UC], DeviceFirmwareVersion[V4.0.3 2501151470911 230925F1], DeviceMaxThroughput[375000]     Solution:
Info    2026-05-10 21:36:23  DevID:MV-CU013-A0UC(DA6038615)  Source-Line:libMvCameraControl.so(CInterfaceManager.cpp-L1708)     Description:U3V, Width[1280], Height[720], OffsetX[0], OffsetY[152], PixelFormat[0x108000a], AcquisitionMode[2]     Solution:
Info    2026-05-10 21:36:23  DevID:MV-CU013-A0UC(DA6038615)  Source-Line:libMvCameraControl.so(CInterfaceManager.cpp-L1713)     Description:U3V, TriggerMode[0], ResultingFrameRate[126.01], ExposureTime[3000.00], ExposureAuto[0], PayloadSize[921600]     Solution:
Info    2026-05-10 21:36:23  DevID:MV-CU013-A0UC(DA6038615)  Source-Line:libMvCameraControl.so(CInterfaceManager.cpp-L6260)     Description:CamCtrl RecvThread Start, ThreadId[1921034464]     Solution:
Info    2026-05-10 21:36:23  DevID:MV-CU013-A0UC(DA6038615)  Source-Line:libMvCameraControl.so(CInterfaceManager.cpp-L1792)     Description:There is no registration callback     Solution:
Info    2026-05-10 21:36:23  DevID:MV-CU013-A0UC(DA6038615)  Source-Line:libMvCameraControl.so(CInterfaceManager.cpp-L6028)     Description:CamCtrl Display Thread Start, ThreadId[1912580320]     Solution:
Info    2026-05-10 21:36:23  DevID:MV-CU013-A0UC(DA6038615)  Source-Line:libMvCameraControl.so(CInterfaceManager.cpp-L1797)     Description:[MV_CC_StartGrabbing] return[0x0]     Solution:
Info    2026-05-10 21:38:14  DevID:MV-CU013-A0UC(DA6038615)  Source-Line:libMvCameraControl.so(CInterfaceManager.cpp-L1881)     Description:[StopGrabbing] return[0x0]     Solution:
Info    2026-05-10 21:38:14  DevID:MV-CU013-A0UC(DA6038615)  Source-Line:libMvCameraControl.so(CInterfaceManager.cpp-L6244)     Description:Display process exit     Solution:
Info    2026-05-10 21:38:14  DevID:MV-CU013-A0UC(DA6038615)  Source-Line:libMvCameraControl.so(CInterfaceManager.cpp-L6490)     Description:RecvThread Process Exit     Solution:
Info    2026-05-10 21:38:15  DevID:MV-CU013-A0UC(DA6038615)  Source-Line:libMvCameraControl.so(CInterfaceManager.cpp-L1166)     Description:[CloseDevice] return[0x0]     Solution:
Info    2026-05-10 21:38:42  DevID:MV-CU013-A0UC(DA6038615)  Source-Line:libMvCameraControl.so(CInterfaceManager.cpp-L0809)     Description:Current dynamic library path[/root/dart_ws/install/hik_camera/lib/libMvCameraControl.so]     Solution:
Info    2026-05-10 21:38:42  DevID:MV-CU013-A0UC(DA6038615)  Source-Line:libMvCameraControl.so(CInterfaceManager.cpp-L0812)     Description:CamCtl_Version: 3.2.0.3     Solution:
Info    2026-05-10 21:38:42  DevID:MV-CU013-A0UC(DA6038615)  Source-Line:libMvCameraControl.so(CInterfaceManager.cpp-L0813)     Description:CamCtl_Description: BaseLine Build 20210715     Solution:
Info    2026-05-10 21:38:42  DevID:MV-CU013-A0UC(DA6038615)  Source-Line:libMvCameraControl.so(CInterfaceManager.cpp-L0815)     Description:[MV_CC_CreateHandle] return[0x0]     Solution:
Info    2026-05-10 21:38:42  DevID:MV-CU013-A0UC(DA6038615)  Source-Line:libMvCameraControl.so(CInterfaceManager.cpp-L6655)     Description:CamCtrl[0x3020003], U3V SDKVersion[0x3020003], DriverVersion[0x0]     Solution:
Info    2026-05-10 21:38:43  DevID:MV-CU013-A0UC(DA6038615)  Source-Line:libMvCameraControl.so(CInterfaceManager.cpp-L4229)     Description:[MV_CC_InvalidateNodes] return[0x0]     Solution:
Info    2026-05-10 21:38:43  DevID:MV-CU013-A0UC(DA6038615)  Source-Line:libMvCameraControl.so(CInterfaceManager.cpp-L1086)     Description:[MV_CC_OpenDevice] nPrivilegeMode[1], nSwitchoverKey[0], return[0x0]     Solution:
Info    2026-05-10 21:38:43  DevID:MV-CU013-A0UC(DA6038615)  Source-Line:libMvCameraControl.so(CInterfaceManager.cpp-L3677)     Description:[MV_CC_GetImageInfo] return[0x0]     Solution:
Info    2026-05-10 21:38:44  DevID:MV-CU013-A0UC(DA6038615)  Source-Line:libMvCameraControl.so(CInterfaceManager.cpp-L1703)     Description:U3V, DeviceModelName[MV-CU013-A0UC], DeviceFirmwareVersion[V4.0.3 2501151470911 230925F1], DeviceMaxThroughput[375000]     Solution:
Info    2026-05-10 21:38:44  DevID:MV-CU013-A0UC(DA6038615)  Source-Line:libMvCameraControl.so(CInterfaceManager.cpp-L1708)     Description:U3V, Width[1280], Height[720], OffsetX[0], OffsetY[152], PixelFormat[0x108000a], AcquisitionMode[2]     Solution:
Info    2026-05-10 21:38:44  DevID:MV-CU013-A0UC(DA6038615)  Source-Line:libMvCameraControl.so(CInterfaceManager.cpp-L1713)     Description:U3V, TriggerMode[0], ResultingFrameRate[126.01], ExposureTime[3000.00], ExposureAuto[0], PayloadSize[921600]     Solution:
Info    2026-05-10 21:38:44  DevID:MV-CU013-A0UC(DA6038615)  Source-Line:libMvCameraControl.so(CInterfaceManager.cpp-L6260)     Description:CamCtrl RecvThread Start, ThreadId[1584834784]     Solution:
Info    2026-05-10 21:38:44  DevID:MV-CU013-A0UC(DA6038615)  Source-Line:libMvCameraControl.so(CInterfaceManager.cpp-L1792)     Description:There is no registration callback     Solution:
Info    2026-05-10 21:38:44  DevID:MV-CU013-A0UC(DA6038615)  Source-Line:libMvCameraControl.so(CInterfaceManager.cpp-L6028)     Description:CamCtrl Display Thread Start, ThreadId[1576380640]     Solution:
Info    2026-05-10 21:38:44  DevID:MV-CU013-A0UC(DA6038615)  Source-Line:libMvCameraControl.so(CInterfaceManager.cpp-L1797)     Description:[MV_CC_StartGrabbing] return[0x0]     Solution:
Info    2026-05-13 17:03:57  DevID:MV-CU013-A0UC(DA6038615)  Source-Line:libMvCameraControl.so(CInterfaceManager.cpp-L0809)     Description:Current dynamic library path[/root/dart_ws/install/hik_camera/lib/libMvCameraControl.so]     Solution:
Info    2026-05-13 17:03:57  DevID:MV-CU013-A0UC(DA6038615)  Source-Line:libMvCameraControl.so(CInterfaceManager.cpp-L0812)     Description:CamCtl_Version: 3.2.0.3     Solution:
Info    2026-05-13 17:03:57  DevID:MV-CU013-A0UC(DA6038615)  Source-Line:libMvCameraControl.so(CInterfaceManager.cpp-L0813)     Description:CamCtl_Description: BaseLine Build 20210715     Solution:
Info    2026-05-13 17:03:57  DevID:MV-CU013-A0UC(DA6038615)  Source-Line:libMvCameraControl.so(CInterfaceManager.cpp-L0815)     Description:[MV_CC_CreateHandle] return[0x0]     Solution:
Info    2026-05-13 17:03:57  DevID:MV-CU013-A0UC(DA6038615)  Source-Line:libMvCameraControl.so(CInterfaceManager.cpp-L6655)     Description:CamCtrl[0x3020003], U3V SDKVersion[0x3020003], DriverVersion[0x0]     Solution:
Info    2026-05-13 17:03:59  DevID:MV-CU013-A0UC(DA6038615)  Source-Line:libMvCameraControl.so(CInterfaceManager.cpp-L4229)     Description:[MV_CC_InvalidateNodes] return[0x0]     Solution:
Info    2026-05-13 17:03:59  DevID:MV-CU013-A0UC(DA6038615)  Source-Line:libMvCameraControl.so(CInterfaceManager.cpp-L1086)     Description:[MV_CC_OpenDevice] nPrivilegeMode[1], nSwitchoverKey[0], return[0x0]     Solution:
Info    2026-05-13 17:03:59  DevID:MV-CU013-A0UC(DA6038615)  Source-Line:libMvCameraControl.so(CInterfaceManager.cpp-L3677)     Description:[MV_CC_GetImageInfo] return[0x0]     Solution:
Info    2026-05-13 17:03:59  DevID:MV-CU013-A0UC(DA6038615)  Source-Line:libMvCameraControl.so(CInterfaceManager.cpp-L1703)     Description:U3V, DeviceModelName[MV-CU013-A0UC], DeviceFirmwareVersion[V4.0.3 2501151470911 230925F1], DeviceMaxThroughput[375000]     Solution:
Info    2026-05-13 17:03:59  DevID:MV-CU013-A0UC(DA6038615)  Source-Line:libMvCameraControl.so(CInterfaceManager.cpp-L1708)     Description:U3V, Width[1280], Height[720], OffsetX[0], OffsetY[152], PixelFormat[0x108000a], AcquisitionMode[2]     Solution:
Info    2026-05-13 17:03:59  DevID:MV-CU013-A0UC(DA6038615)  Source-Line:libMvCameraControl.so(CInterfaceManager.cpp-L1713)     Description:U3V, TriggerMode[0], ResultingFrameRate[190.89], ExposureTime[300.00], ExposureAuto[0], PayloadSize[921600]     Solution:
Info    2026-05-13 17:03:59  DevID:MV-CU013-A0UC(DA6038615)  Source-Line:libMvCameraControl.so(CInterfaceManager.cpp-L6260)     Description:CamCtrl RecvThread Start, ThreadId[931064032]     Solution:
Info    2026-05-13 17:03:59  DevID:MV-CU013-A0UC(DA6038615)  Source-Line:libMvCameraControl.so(CInterfaceManager.cpp-L6028)     Description:CamCtrl Display Thread Start, ThreadId[922609888]     Solution:
Info    2026-05-13 17:03:59  DevID:MV-CU013-A0UC(DA6038615)  Source-Line:libMvCameraControl.so(CInterfaceManager.cpp-L1792)     Description:There is no registration callback     Solution:
Info    2026-05-13 17:03:59  DevID:MV-CU013-A0UC(DA6038615)  Source-Line:libMvCameraControl.so(CInterfaceManager.cpp-L1797)     Description:[MV_CC_StartGrabbing] return[0x0]     Solution:
Info    2026-05-13 17:04:32  DevID:MV-CU013-A0UC(DA6038615)  Source-Line:libMvCameraControl.so(CInterfaceManager.cpp-L1881)     Description:[StopGrabbing] return[0x0]     Solution:
Info    2026-05-13 17:04:32  DevID:MV-CU013-A0UC(DA6038615)  Source-Line:libMvCameraControl.so(CInterfaceManager.cpp-L6490)     Description:RecvThread Process Exit     Solution:
Info    2026-05-13 17:04:32  DevID:MV-CU013-A0UC(DA6038615)  Source-Line:libMvCameraControl.so(CInterfaceManager.cpp-L6244)     Description:Display process exit     Solution:
Info    2026-05-13 17:04:33  DevID:MV-CU013-A0UC(DA6038615)  Source-Line:libMvCameraControl.so(CInterfaceManager.cpp-L1166)     Description:[CloseDevice] return[0x0]     Solution:
Info    2026-05-13 17:04:42  DevID:MV-CU013-A0UC(DA6038615)  Source-Line:libMvCameraControl.so(CInterfaceManager.cpp-L0809)     Description:Current dynamic library path[/root/dart_ws/install/hik_camera/lib/libMvCameraControl.so]     Solution:
Info    2026-05-13 17:04:42  DevID:MV-CU013-A0UC(DA6038615)  Source-Line:libMvCameraControl.so(CInterfaceManager.cpp-L0812)     Description:CamCtl_Version: 3.2.0.3     Solution:
Info    2026-05-13 17:04:42  DevID:MV-CU013-A0UC(DA6038615)  Source-Line:libMvCameraControl.so(CInterfaceManager.cpp-L0813)     Description:CamCtl_Description: BaseLine Build 20210715     Solution:
Info    2026-05-13 17:04:42  DevID:MV-CU013-A0UC(DA6038615)  Source-Line:libMvCameraControl.so(CInterfaceManager.cpp-L0815)     Description:[MV_CC_CreateHandle] return[0x0]     Solution:
Info    2026-05-13 17:04:42  DevID:MV-CU013-A0UC(DA6038615)  Source-Line:libMvCameraControl.so(CInterfaceManager.cpp-L6655)     Description:CamCtrl[0x3020003], U3V SDKVersion[0x3020003], DriverVersion[0x0]     Solution:
Info    2026-05-13 17:04:43  DevID:MV-CU013-A0UC(DA6038615)  Source-Line:libMvCameraControl.so(CInterfaceManager.cpp-L4229)     Description:[MV_CC_InvalidateNodes] return[0x0]     Solution:
Info    2026-05-13 17:04:43  DevID:MV-CU013-A0UC(DA6038615)  Source-Line:libMvCameraControl.so(CInterfaceManager.cpp-L1086)     Description:[MV_CC_OpenDevice] nPrivilegeMode[1], nSwitchoverKey[0], return[0x0]     Solution:
Info    2026-05-13 17:04:43  DevID:MV-CU013-A0UC(DA6038615)  Source-Line:libMvCameraControl.so(CInterfaceManager.cpp-L3677)     Description:[MV_CC_GetImageInfo] return[0x0]     Solution:
Info    2026-05-13 17:04:44  DevID:MV-CU013-A0UC(DA6038615)  Source-Line:libMvCameraControl.so(CInterfaceManager.cpp-L1703)     Description:U3V, DeviceModelName[MV-CU013-A0UC], DeviceFirmwareVersion[V4.0.3 2501151470911 230925F1], DeviceMaxThroughput[375000]     Solution:
Info    2026-05-13 17:04:44  DevID:MV-CU013-A0UC(DA6038615)  Source-Line:libMvCameraControl.so(CInterfaceManager.cpp-L1708)     Description:U3V, Width[1280], Height[720], OffsetX[0], OffsetY[152], PixelFormat[0x108000a], AcquisitionMode[2]     Solution:
Info    2026-05-13 17:04:44  DevID:MV-CU013-A0UC(DA6038615)  Source-Line:libMvCameraControl.so(CInterfaceManager.cpp-L1713)     Description:U3V, TriggerMode[0], ResultingFrameRate[190.89], ExposureTime[300.00], ExposureAuto[0], PayloadSize[921600]     Solution:
Info    2026-05-13 17:04:44  DevID:MV-CU013-A0UC(DA6038615)  Source-Line:libMvCameraControl.so(CInterfaceManager.cpp-L6260)     Description:CamCtrl RecvThread Start, ThreadId[1985456352]     Solution:
Info    2026-05-13 17:04:44  DevID:MV-CU013-A0UC(DA6038615)  Source-Line:libMvCameraControl.so(CInterfaceManager.cpp-L1792)     Description:There is no registration callback     Solution:
Info    2026-05-13 17:04:44  DevID:MV-CU013-A0UC(DA6038615)  Source-Line:libMvCameraControl.so(CInterfaceManager.cpp-L6028)     Description:CamCtrl Display Thread Start, ThreadId[1977002208]     Solution:
Info    2026-05-13 17:04:44  DevID:MV-CU013-A0UC(DA6038615)  Source-Line:libMvCameraControl.so(CInterfaceManager.cpp-L1797)     Description:[MV_CC_StartGrabbing] return[0x0]     Solution:
Info    2026-05-13 17:21:06  DevID:MV-CU013-A0UC(DA6038615)  Source-Line:libMvCameraControl.so(CInterfaceManager.cpp-L1881)     Description:[StopGrabbing] return[0x0]     Solution:
Info    2026-05-13 17:21:06  DevID:MV-CU013-A0UC(DA6038615)  Source-Line:libMvCameraControl.so(CInterfaceManager.cpp-L6244)     Description:Display process exit     Solution:
Info    2026-05-13 17:21:07  DevID:MV-CU013-A0UC(DA6038615)  Source-Line:libMvCameraControl.so(CInterfaceManager.cpp-L6490)     Description:RecvThread Process Exit     Solution:
Info    2026-05-13 17:21:08  DevID:MV-CU013-A0UC(DA6038615)  Source-Line:libMvCameraControl.so(CInterfaceManager.cpp-L1166)     Description:[CloseDevice] return[0x0]     Solution:
Info    2026-05-13 17:22:44  DevID:MV-CU013-A0UC(DA6038615)  Source-Line:libMvCameraControl.so(CInterfaceManager.cpp-L0809)     Description:Current dynamic library path[/root/dart_ws/install/hik_camera/lib/libMvCameraControl.so]     Solution:
Info    2026-05-13 17:22:44  DevID:MV-CU013-A0UC(DA6038615)  Source-Line:libMvCameraControl.so(CInterfaceManager.cpp-L0812)     Description:CamCtl_Version: 3.2.0.3     Solution:
Info    2026-05-13 17:22:44  DevID:MV-CU013-A0UC(DA6038615)  Source-Line:libMvCameraControl.so(CInterfaceManager.cpp-L0813)     Description:CamCtl_Description: BaseLine Build 20210715     Solution:
Info    2026-05-13 17:22:44  DevID:MV-CU013-A0UC(DA6038615)  Source-Line:libMvCameraControl.so(CInterfaceManager.cpp-L0815)     Description:[MV_CC_CreateHandle] return[0x0]     Solution:
Info    2026-05-13 17:22:44  DevID:MV-CU013-A0UC(DA6038615)  Source-Line:libMvCameraControl.so(CInterfaceManager.cpp-L6655)     Description:CamCtrl[0x3020003], U3V SDKVersion[0x3020003], DriverVersion[0x0]     Solution:
Info    2026-05-13 17:22:45  DevID:MV-CU013-A0UC(DA6038615)  Source-Line:libMvCameraControl.so(CInterfaceManager.cpp-L4229)     Description:[MV_CC_InvalidateNodes] return[0x0]     Solution:
Info    2026-05-13 17:22:45  DevID:MV-CU013-A0UC(DA6038615)  Source-Line:libMvCameraControl.so(CInterfaceManager.cpp-L1086)     Description:[MV_CC_OpenDevice] nPrivilegeMode[1], nSwitchoverKey[0], return[0x0]     Solution:
Info    2026-05-13 17:22:45  DevID:MV-CU013-A0UC(DA6038615)  Source-Line:libMvCameraControl.so(CInterfaceManager.cpp-L3677)     Description:[MV_CC_GetImageInfo] return[0x0]     Solution:
Info    2026-05-13 17:22:45  DevID:MV-CU013-A0UC(DA6038615)  Source-Line:libMvCameraControl.so(CInterfaceManager.cpp-L1703)     Description:U3V, DeviceModelName[MV-CU013-A0UC], DeviceFirmwareVersion[V4.0.3 2501151470911 230925F1], DeviceMaxThroughput[375000]     Solution:
Info    2026-05-13 17:22:45  DevID:MV-CU013-A0UC(DA6038615)  Source-Line:libMvCameraControl.so(CInterfaceManager.cpp-L1708)     Description:U3V, Width[1280], Height[720], OffsetX[0], OffsetY[152], PixelFormat[0x108000a], AcquisitionMode[2]     Solution:
Info    2026-05-13 17:22:45  DevID:MV-CU013-A0UC(DA6038615)  Source-Line:libMvCameraControl.so(CInterfaceManager.cpp-L1713)     Description:U3V, TriggerMode[0], ResultingFrameRate[190.89], ExposureTime[300.00], ExposureAuto[0], PayloadSize[921600]     Solution:
Info    2026-05-13 17:22:45  DevID:MV-CU013-A0UC(DA6038615)  Source-Line:libMvCameraControl.so(CInterfaceManager.cpp-L6260)     Description:CamCtrl RecvThread Start, ThreadId[1221896416]     Solution:
Info    2026-05-13 17:22:45  DevID:MV-CU013-A0UC(DA6038615)  Source-Line:libMvCameraControl.so(CInterfaceManager.cpp-L1792)     Description:There is no registration callback     Solution:
Info    2026-05-13 17:22:45  DevID:MV-CU013-A0UC(DA6038615)  Source-Line:libMvCameraControl.so(CInterfaceManager.cpp-L6028)     Description:CamCtrl Display Thread Start, ThreadId[1140844768]     Solution:
Info    2026-05-13 17:22:45  DevID:MV-CU013-A0UC(DA6038615)  Source-Line:libMvCameraControl.so(CInterfaceManager.cpp-L1797)     Description:[MV_CC_StartGrabbing] return[0x0]     Solution:
Info    2026-05-13 17:23:53  DevID:MV-CU013-A0UC(DA6038615)  Source-Line:libMvCameraControl.so(CInterfaceManager.cpp-L1881)     Description:[StopGrabbing] return[0x0]     Solution:
Info    2026-05-13 17:23:53  DevID:MV-CU013-A0UC(DA6038615)  Source-Line:libMvCameraControl.so(CInterfaceManager.cpp-L6490)     Description:RecvThread Process Exit     Solution:
Info    2026-05-13 17:23:53  DevID:MV-CU013-A0UC(DA6038615)  Source-Line:libMvCameraControl.so(CInterfaceManager.cpp-L6244)     Description:Display process exit     Solution:
Info    2026-05-13 17:23:54  DevID:MV-CU013-A0UC(DA6038615)  Source-Line:libMvCameraControl.so(CInterfaceManager.cpp-L1166)     Description:[CloseDevice] return[0x0]     Solution:
Info    2026-05-13 17:29:15  DevID:MV-CU013-A0UC(DA6038615)  Source-Line:libMvCameraControl.so(CInterfaceManager.cpp-L0809)     Description:Current dynamic library path[/root/dart_ws/install/hik_camera/lib/libMvCameraControl.so]     Solution:
Info    2026-05-13 17:29:15  DevID:MV-CU013-A0UC(DA6038615)  Source-Line:libMvCameraControl.so(CInterfaceManager.cpp-L0812)     Description:CamCtl_Version: 3.2.0.3     Solution:
Info    2026-05-13 17:29:15  DevID:MV-CU013-A0UC(DA6038615)  Source-Line:libMvCameraControl.so(CInterfaceManager.cpp-L0813)     Description:CamCtl_Description: BaseLine Build 20210715     Solution:
Info    2026-05-13 17:29:15  DevID:MV-CU013-A0UC(DA6038615)  Source-Line:libMvCameraControl.so(CInterfaceManager.cpp-L0815)     Description:[MV_CC_CreateHandle] return[0x0]     Solution:
Info    2026-05-13 17:29:15  DevID:MV-CU013-A0UC(DA6038615)  Source-Line:libMvCameraControl.so(CInterfaceManager.cpp-L6655)     Description:CamCtrl[0x3020003], U3V SDKVersion[0x3020003], DriverVersion[0x0]     Solution:
Info    2026-05-13 17:29:16  DevID:MV-CU013-A0UC(DA6038615)  Source-Line:libMvCameraControl.so(CInterfaceManager.cpp-L4229)     Description:[MV_CC_InvalidateNodes] return[0x0]     Solution:
Info    2026-05-13 17:29:16  DevID:MV-CU013-A0UC(DA6038615)  Source-Line:libMvCameraControl.so(CInterfaceManager.cpp-L1086)     Description:[MV_CC_OpenDevice] nPrivilegeMode[1], nSwitchoverKey[0], return[0x0]     Solution:
Info    2026-05-13 17:29:16  DevID:MV-CU013-A0UC(DA6038615)  Source-Line:libMvCameraControl.so(CInterfaceManager.cpp-L3677)     Description:[MV_CC_GetImageInfo] return[0x0]     Solution:
Info    2026-05-13 17:29:17  DevID:MV-CU013-A0UC(DA6038615)  Source-Line:libMvCameraControl.so(CInterfaceManager.cpp-L1703)     Description:U3V, DeviceModelName[MV-CU013-A0UC], DeviceFirmwareVersion[V4.0.3 2501151470911 230925F1], DeviceMaxThroughput[375000]     Solution:
Info    2026-05-13 17:29:17  DevID:MV-CU013-A0UC(DA6038615)  Source-Line:libMvCameraControl.so(CInterfaceManager.cpp-L1708)     Description:U3V, Width[1280], Height[720], OffsetX[0], OffsetY[152], PixelFormat[0x108000a], AcquisitionMode[2]     Solution:
Info    2026-05-13 17:29:17  DevID:MV-CU013-A0UC(DA6038615)  Source-Line:libMvCameraControl.so(CInterfaceManager.cpp-L1713)     Description:U3V, TriggerMode[0], ResultingFrameRate[190.89], ExposureTime[300.00], ExposureAuto[0], PayloadSize[921600]     Solution:
Info    2026-05-13 17:29:17  DevID:MV-CU013-A0UC(DA6038615)  Source-Line:libMvCameraControl.so(CInterfaceManager.cpp-L6260)     Description:CamCtrl RecvThread Start, ThreadId[1158392032]     Solution:
Info    2026-05-13 17:29:17  DevID:MV-CU013-A0UC(DA6038615)  Source-Line:libMvCameraControl.so(CInterfaceManager.cpp-L1792)     Description:There is no registration callback     Solution:
Info    2026-05-13 17:29:17  DevID:MV-CU013-A0UC(DA6038615)  Source-Line:libMvCameraControl.so(CInterfaceManager.cpp-L6028)     Description:CamCtrl Display Thread Start, ThreadId[1149937888]     Solution:
Info    2026-05-13 17:29:17  DevID:MV-CU013-A0UC(DA6038615)  Source-Line:libMvCameraControl.so(CInterfaceManager.cpp-L1797)     Description:[MV_CC_StartGrabbing] return[0x0]     Solution:
Info    2026-05-13 17:30:42  DevID:MV-CU013-A0UC(DA6038615)  Source-Line:libMvCameraControl.so(CInterfaceManager.cpp-L1881)     Description:[StopGrabbing] return[0x0]     Solution:
Info    2026-05-13 17:30:42  DevID:MV-CU013-A0UC(DA6038615)  Source-Line:libMvCameraControl.so(CInterfaceManager.cpp-L6490)     Description:RecvThread Process Exit     Solution:
Info    2026-05-13 17:30:42  DevID:MV-CU013-A0UC(DA6038615)  Source-Line:libMvCameraControl.so(CInterfaceManager.cpp-L6244)     Description:Display process exit     Solution:
Info    2026-05-13 17:30:43  DevID:MV-CU013-A0UC(DA6038615)  Source-Line:libMvCameraControl.so(CInterfaceManager.cpp-L1166)     Description:[CloseDevice] return[0x0]     Solution:
Info    2026-05-13 17:33:50  DevID:MV-CU013-A0UC(DA6038615)  Source-Line:libMvCameraControl.so(CInterfaceManager.cpp-L0809)     Description:Current dynamic library path[/root/dart_ws/install/hik_camera/lib/libMvCameraControl.so]     Solution:
Info    2026-05-13 17:33:50  DevID:MV-CU013-A0UC(DA6038615)  Source-Line:libMvCameraControl.so(CInterfaceManager.cpp-L0812)     Description:CamCtl_Version: 3.2.0.3     Solution:
Info    2026-05-13 17:33:50  DevID:MV-CU013-A0UC(DA6038615)  Source-Line:libMvCameraControl.so(CInterfaceManager.cpp-L0813)     Description:CamCtl_Description: BaseLine Build 20210715     Solution:
Info    2026-05-13 17:33:50  DevID:MV-CU013-A0UC(DA6038615)  Source-Line:libMvCameraControl.so(CInterfaceManager.cpp-L0815)     Description:[MV_CC_CreateHandle] return[0x0]     Solution:
Info    2026-05-13 17:33:50  DevID:MV-CU013-A0UC(DA6038615)  Source-Line:libMvCameraControl.so(CInterfaceManager.cpp-L6655)     Description:CamCtrl[0x3020003], U3V SDKVersion[0x3020003], DriverVersion[0x0]     Solution:
Info    2026-05-13 17:33:51  DevID:MV-CU013-A0UC(DA6038615)  Source-Line:libMvCameraControl.so(CInterfaceManager.cpp-L4229)     Description:[MV_CC_InvalidateNodes] return[0x0]     Solution:
Info    2026-05-13 17:33:51  DevID:MV-CU013-A0UC(DA6038615)  Source-Line:libMvCameraControl.so(CInterfaceManager.cpp-L1086)     Description:[MV_CC_OpenDevice] nPrivilegeMode[1], nSwitchoverKey[0], return[0x0]     Solution:
Info    2026-05-13 17:33:51  DevID:MV-CU013-A0UC(DA6038615)  Source-Line:libMvCameraControl.so(CInterfaceManager.cpp-L3677)     Description:[MV_CC_GetImageInfo] return[0x0]     Solution:
Info    2026-05-13 17:33:51  DevID:MV-CU013-A0UC(DA6038615)  Source-Line:libMvCameraControl.so(CInterfaceManager.cpp-L1703)     Description:U3V, DeviceModelName[MV-CU013-A0UC], DeviceFirmwareVersion[V4.0.3 2501151470911 230925F1], DeviceMaxThroughput[375000]     Solution:
Info    2026-05-13 17:33:51  DevID:MV-CU013-A0UC(DA6038615)  Source-Line:libMvCameraControl.so(CInterfaceManager.cpp-L1708)     Description:U3V, Width[1280], Height[720], OffsetX[0], OffsetY[152], PixelFormat[0x108000a], AcquisitionMode[2]     Solution:
Info    2026-05-13 17:33:51  DevID:MV-CU013-A0UC(DA6038615)  Source-Line:libMvCameraControl.so(CInterfaceManager.cpp-L1713)     Description:U3V, TriggerMode[0], ResultingFrameRate[190.89], ExposureTime[300.00], ExposureAuto[0], PayloadSize[921600]     Solution:
Info    2026-05-13 17:33:51  DevID:MV-CU013-A0UC(DA6038615)  Source-Line:libMvCameraControl.so(CInterfaceManager.cpp-L6260)     Description:CamCtrl RecvThread Start, ThreadId[1920051424]     Solution:
Info    2026-05-13 17:33:51  DevID:MV-CU013-A0UC(DA6038615)  Source-Line:libMvCameraControl.so(CInterfaceManager.cpp-L1792)     Description:There is no registration callback     Solution:
Info    2026-05-13 17:33:51  DevID:MV-CU013-A0UC(DA6038615)  Source-Line:libMvCameraControl.so(CInterfaceManager.cpp-L6028)     Description:CamCtrl Display Thread Start, ThreadId[1911597280]     Solution:
Info    2026-05-13 17:33:51  DevID:MV-CU013-A0UC(DA6038615)  Source-Line:libMvCameraControl.so(CInterfaceManager.cpp-L1797)     Description:[MV_CC_StartGrabbing] return[0x0]     Solution:
Info    2026-05-13 17:36:33  DevID:MV-CU013-A0UC(DA6038615)  Source-Line:libMvCameraControl.so(CInterfaceManager.cpp-L1881)     Description:[StopGrabbing] return[0x0]     Solution:
Info    2026-05-13 17:36:33  DevID:MV-CU013-A0UC(DA6038615)  Source-Line:libMvCameraControl.so(CInterfaceManager.cpp-L6490)     Description:RecvThread Process Exit     Solution:
Info    2026-05-13 17:36:33  DevID:MV-CU013-A0UC(DA6038615)  Source-Line:libMvCameraControl.so(CInterfaceManager.cpp-L6244)     Description:Display process exit     Solution:
Info    2026-05-13 17:36:35  DevID:MV-CU013-A0UC(DA6038615)  Source-Line:libMvCameraControl.so(CInterfaceManager.cpp-L1166)     Description:[CloseDevice] return[0x0]     Solution:
Info    2026-05-13 17:37:19  DevID:MV-CU013-A0UC(DA6038615)  Source-Line:libMvCameraControl.so(CInterfaceManager.cpp-L0809)     Description:Current dynamic library path[/root/dart_ws/install/hik_camera/lib/libMvCameraControl.so]     Solution:
Info    2026-05-13 17:37:19  DevID:MV-CU013-A0UC(DA6038615)  Source-Line:libMvCameraControl.so(CInterfaceManager.cpp-L0812)     Description:CamCtl_Version: 3.2.0.3     Solution:
Info    2026-05-13 17:37:19  DevID:MV-CU013-A0UC(DA6038615)  Source-Line:libMvCameraControl.so(CInterfaceManager.cpp-L0813)     Description:CamCtl_Description: BaseLine Build 20210715     Solution:
Info    2026-05-13 17:37:19  DevID:MV-CU013-A0UC(DA6038615)  Source-Line:libMvCameraControl.so(CInterfaceManager.cpp-L0815)     Description:[MV_CC_CreateHandle] return[0x0]     Solution:
Info    2026-05-13 17:37:19  DevID:MV-CU013-A0UC(DA6038615)  Source-Line:libMvCameraControl.so(CInterfaceManager.cpp-L6655)     Description:CamCtrl[0x3020003], U3V SDKVersion[0x3020003], DriverVersion[0x0]     Solution:
Info    2026-05-13 17:37:20  DevID:MV-CU013-A0UC(DA6038615)  Source-Line:libMvCameraControl.so(CInterfaceManager.cpp-L4229)     Description:[MV_CC_InvalidateNodes] return[0x0]     Solution:
Info    2026-05-13 17:37:20  DevID:MV-CU013-A0UC(DA6038615)  Source-Line:libMvCameraControl.so(CInterfaceManager.cpp-L1086)     Description:[MV_CC_OpenDevice] nPrivilegeMode[1], nSwitchoverKey[0], return[0x0]     Solution:
Info    2026-05-13 17:37:20  DevID:MV-CU013-A0UC(DA6038615)  Source-Line:libMvCameraControl.so(CInterfaceManager.cpp-L3677)     Description:[MV_CC_GetImageInfo] return[0x0]     Solution:
Info    2026-05-13 17:37:21  DevID:MV-CU013-A0UC(DA6038615)  Source-Line:libMvCameraControl.so(CInterfaceManager.cpp-L1703)     Description:U3V, DeviceModelName[MV-CU013-A0UC], DeviceFirmwareVersion[V4.0.3 2501151470911 230925F1], DeviceMaxThroughput[375000]     Solution:
Info    2026-05-13 17:37:21  DevID:MV-CU013-A0UC(DA6038615)  Source-Line:libMvCameraControl.so(CInterfaceManager.cpp-L1708)     Description:U3V, Width[1280], Height[720], OffsetX[0], OffsetY[152], PixelFormat[0x108000a], AcquisitionMode[2]     Solution:
Info    2026-05-13 17:37:21  DevID:MV-CU013-A0UC(DA6038615)  Source-Line:libMvCameraControl.so(CInterfaceManager.cpp-L1713)     Description:U3V, TriggerMode[0], ResultingFrameRate[190.89], ExposureTime[300.00], ExposureAuto[0], PayloadSize[921600]     Solution:
Info    2026-05-13 17:37:21  DevID:MV-CU013-A0UC(DA6038615)  Source-Line:libMvCameraControl.so(CInterfaceManager.cpp-L6260)     Description:CamCtrl RecvThread Start, ThreadId[1841998048]     Solution:
Info    2026-05-13 17:37:21  DevID:MV-CU013-A0UC(DA6038615)  Source-Line:libMvCameraControl.so(CInterfaceManager.cpp-L1792)     Description:There is no registration callback     Solution:
Info    2026-05-13 17:37:21  DevID:MV-CU013-A0UC(DA6038615)  Source-Line:libMvCameraControl.so(CInterfaceManager.cpp-L6028)     Description:CamCtrl Display Thread Start, ThreadId[1833543904]     Solution:
Info    2026-05-13 17:37:21  DevID:MV-CU013-A0UC(DA6038615)  Source-Line:libMvCameraControl.so(CInterfaceManager.cpp-L1797)     Description:[MV_CC_StartGrabbing] return[0x0]     Solution:
Info    2026-05-13 17:37:37  DevID:MV-CU013-A0UC(DA6038615)  Source-Line:libMvCameraControl.so(CInterfaceManager.cpp-L1881)     Description:[StopGrabbing] return[0x0]     Solution:
Info    2026-05-13 17:37:37  DevID:MV-CU013-A0UC(DA6038615)  Source-Line:libMvCameraControl.so(CInterfaceManager.cpp-L6490)     Description:RecvThread Process Exit     Solution:
Info    2026-05-13 17:37:37  DevID:MV-CU013-A0UC(DA6038615)  Source-Line:libMvCameraControl.so(CInterfaceManager.cpp-L6244)     Description:Display process exit     Solution:
Info    2026-05-13 17:37:39  DevID:MV-CU013-A0UC(DA6038615)  Source-Line:libMvCameraControl.so(CInterfaceManager.cpp-L1166)     Description:[CloseDevice] return[0x0]     Solution:
Info    2026-05-13 17:38:06  DevID:MV-CU013-A0UC(DA6038615)  Source-Line:libMvCameraControl.so(CInterfaceManager.cpp-L0809)     Description:Current dynamic library path[/root/dart_ws/install/hik_camera/lib/libMvCameraControl.so]     Solution:
Info    2026-05-13 17:38:06  DevID:MV-CU013-A0UC(DA6038615)  Source-Line:libMvCameraControl.so(CInterfaceManager.cpp-L0812)     Description:CamCtl_Version: 3.2.0.3     Solution:
Info    2026-05-13 17:38:06  DevID:MV-CU013-A0UC(DA6038615)  Source-Line:libMvCameraControl.so(CInterfaceManager.cpp-L0813)     Description:CamCtl_Description: BaseLine Build 20210715     Solution:
Info    2026-05-13 17:38:06  DevID:MV-CU013-A0UC(DA6038615)  Source-Line:libMvCameraControl.so(CInterfaceManager.cpp-L0815)     Description:[MV_CC_CreateHandle] return[0x0]     Solution:
Info    2026-05-13 17:38:06  DevID:MV-CU013-A0UC(DA6038615)  Source-Line:libMvCameraControl.so(CInterfaceManager.cpp-L6655)     Description:CamCtrl[0x3020003], U3V SDKVersion[0x3020003], DriverVersion[0x0]     Solution:
Info    2026-05-13 17:38:07  DevID:MV-CU013-A0UC(DA6038615)  Source-Line:libMvCameraControl.so(CInterfaceManager.cpp-L4229)     Description:[MV_CC_InvalidateNodes] return[0x0]     Solution:
Info    2026-05-13 17:38:07  DevID:MV-CU013-A0UC(DA6038615)  Source-Line:libMvCameraControl.so(CInterfaceManager.cpp-L1086)     Description:[MV_CC_OpenDevice] nPrivilegeMode[1], nSwitchoverKey[0], return[0x0]     Solution:
Info    2026-05-13 17:38:07  DevID:MV-CU013-A0UC(DA6038615)  Source-Line:libMvCameraControl.so(CInterfaceManager.cpp-L3677)     Description:[MV_CC_GetImageInfo] return[0x0]     Solution:
Info    2026-05-13 17:38:08  DevID:MV-CU013-A0UC(DA6038615)  Source-Line:libMvCameraControl.so(CInterfaceManager.cpp-L1703)     Description:U3V, DeviceModelName[MV-CU013-A0UC], DeviceFirmwareVersion[V4.0.3 2501151470911 230925F1], DeviceMaxThroughput[375000]     Solution:
Info    2026-05-13 17:38:08  DevID:MV-CU013-A0UC(DA6038615)  Source-Line:libMvCameraControl.so(CInterfaceManager.cpp-L1708)     Description:U3V, Width[1280], Height[720], OffsetX[0], OffsetY[152], PixelFormat[0x108000a], AcquisitionMode[2]     Solution:
Info    2026-05-13 17:38:08  DevID:MV-CU013-A0UC(DA6038615)  Source-Line:libMvCameraControl.so(CInterfaceManager.cpp-L1713)     Description:U3V, TriggerMode[0], ResultingFrameRate[190.89], ExposureTime[300.00], ExposureAuto[0], PayloadSize[921600]     Solution:
Info    2026-05-13 17:38:08  DevID:MV-CU013-A0UC(DA6038615)  Source-Line:libMvCameraControl.so(CInterfaceManager.cpp-L6260)     Description:CamCtrl RecvThread Start, ThreadId[980527328]     Solution:
Info    2026-05-13 17:38:08  DevID:MV-CU013-A0UC(DA6038615)  Source-Line:libMvCameraControl.so(CInterfaceManager.cpp-L1792)     Description:There is no registration callback     Solution:
Info    2026-05-13 17:38:08  DevID:MV-CU013-A0UC(DA6038615)  Source-Line:libMvCameraControl.so(CInterfaceManager.cpp-L6028)     Description:CamCtrl Display Thread Start, ThreadId[972073184]     Solution:
Info    2026-05-13 17:38:08  DevID:MV-CU013-A0UC(DA6038615)  Source-Line:libMvCameraControl.so(CInterfaceManager.cpp-L1797)     Description:[MV_CC_StartGrabbing] return[0x0]     Solution:
Info    2026-05-13 17:41:45  DevID:MV-CU013-A0UC(DA6038615)  Source-Line:libMvCameraControl.so(CInterfaceManager.cpp-L1881)     Description:[StopGrabbing] return[0x0]     Solution:
Info    2026-05-13 17:41:45  DevID:MV-CU013-A0UC(DA6038615)  Source-Line:libMvCameraControl.so(CInterfaceManager.cpp-L6490)     Description:RecvThread Process Exit     Solution:
Info    2026-05-13 17:41:45  DevID:MV-CU013-A0UC(DA6038615)  Source-Line:libMvCameraControl.so(CInterfaceManager.cpp-L6244)     Description:Display process exit     Solution:
Info    2026-05-13 17:41:47  DevID:MV-CU013-A0UC(DA6038615)  Source-Line:libMvCameraControl.so(CInterfaceManager.cpp-L1166)     Description:[CloseDevice] return[0x0]     Solution:
Info    2026-05-13 17:46:24  DevID:MV-CU013-A0UC(DA6038615)  Source-Line:libMvCameraControl.so(CInterfaceManager.cpp-L0809)     Description:Current dynamic library path[/root/dart_ws/install/hik_camera/lib/libMvCameraControl.so]     Solution:
Info    2026-05-13 17:46:24  DevID:MV-CU013-A0UC(DA6038615)  Source-Line:libMvCameraControl.so(CInterfaceManager.cpp-L0812)     Description:CamCtl_Version: 3.2.0.3     Solution:
Info    2026-05-13 17:46:24  DevID:MV-CU013-A0UC(DA6038615)  Source-Line:libMvCameraControl.so(CInterfaceManager.cpp-L0813)     Description:CamCtl_Description: BaseLine Build 20210715     Solution:
Info    2026-05-13 17:46:24  DevID:MV-CU013-A0UC(DA6038615)  Source-Line:libMvCameraControl.so(CInterfaceManager.cpp-L0815)     Description:[MV_CC_CreateHandle] return[0x0]     Solution:
Info    2026-05-13 17:46:24  DevID:MV-CU013-A0UC(DA6038615)  Source-Line:libMvCameraControl.so(CInterfaceManager.cpp-L6655)     Description:CamCtrl[0x3020003], U3V SDKVersion[0x3020003], DriverVersion[0x0]     Solution:
Info    2026-05-13 17:46:26  DevID:MV-CU013-A0UC(DA6038615)  Source-Line:libMvCameraControl.so(CInterfaceManager.cpp-L4229)     Description:[MV_CC_InvalidateNodes] return[0x0]     Solution:
Info    2026-05-13 17:46:26  DevID:MV-CU013-A0UC(DA6038615)  Source-Line:libMvCameraControl.so(CInterfaceManager.cpp-L1086)     Description:[MV_CC_OpenDevice] nPrivilegeMode[1], nSwitchoverKey[0], return[0x0]     Solution:
Info    2026-05-13 17:46:26  DevID:MV-CU013-A0UC(DA6038615)  Source-Line:libMvCameraControl.so(CInterfaceManager.cpp-L3677)     Description:[MV_CC_GetImageInfo] return[0x0]     Solution:
Info    2026-05-13 17:46:26  DevID:MV-CU013-A0UC(DA6038615)  Source-Line:libMvCameraControl.so(CInterfaceManager.cpp-L1703)     Description:U3V, DeviceModelName[MV-CU013-A0UC], DeviceFirmwareVersion[V4.0.3 2501151470911 230925F1], DeviceMaxThroughput[375000]     Solution:
Info    2026-05-13 17:46:26  DevID:MV-CU013-A0UC(DA6038615)  Source-Line:libMvCameraControl.so(CInterfaceManager.cpp-L1708)     Description:U3V, Width[1280], Height[720], OffsetX[0], OffsetY[152], PixelFormat[0x108000a], AcquisitionMode[2]     Solution:
Info    2026-05-13 17:46:26  DevID:MV-CU013-A0UC(DA6038615)  Source-Line:libMvCameraControl.so(CInterfaceManager.cpp-L1713)     Description:U3V, TriggerMode[0], ResultingFrameRate[190.89], ExposureTime[300.00], ExposureAuto[0], PayloadSize[921600]     Solution:
Info    2026-05-13 17:46:26  DevID:MV-CU013-A0UC(DA6038615)  Source-Line:libMvCameraControl.so(CInterfaceManager.cpp-L6260)     Description:CamCtrl RecvThread Start, ThreadId[1859299552]     Solution:
Info    2026-05-13 17:46:26  DevID:MV-CU013-A0UC(DA6038615)  Source-Line:libMvCameraControl.so(CInterfaceManager.cpp-L1792)     Description:There is no registration callback     Solution:
Info    2026-05-13 17:46:26  DevID:MV-CU013-A0UC(DA6038615)  Source-Line:libMvCameraControl.so(CInterfaceManager.cpp-L6028)     Description:CamCtrl Display Thread Start, ThreadId[1850845408]     Solution:
Info    2026-05-13 17:46:26  DevID:MV-CU013-A0UC(DA6038615)  Source-Line:libMvCameraControl.so(CInterfaceManager.cpp-L1797)     Description:[MV_CC_StartGrabbing] return[0x0]     Solution:
Info    2026-05-13 17:46:48  DevID:MV-CU013-A0UC(DA6038615)  Source-Line:libMvCameraControl.so(CInterfaceManager.cpp-L1881)     Description:[StopGrabbing] return[0x0]     Solution:
Info    2026-05-13 17:46:48  DevID:MV-CU013-A0UC(DA6038615)  Source-Line:libMvCameraControl.so(CInterfaceManager.cpp-L6490)     Description:RecvThread Process Exit     Solution:
Info    2026-05-13 17:46:48  DevID:MV-CU013-A0UC(DA6038615)  Source-Line:libMvCameraControl.so(CInterfaceManager.cpp-L6244)     Description:Display process exit     Solution:
Info    2026-05-13 17:46:50  DevID:MV-CU013-A0UC(DA6038615)  Source-Line:libMvCameraControl.so(CInterfaceManager.cpp-L1166)     Description:[CloseDevice] return[0x0]     Solution:
Info    2026-05-13 17:47:16  DevID:MV-CU013-A0UC(DA6038615)  Source-Line:libMvCameraControl.so(CInterfaceManager.cpp-L0809)     Description:Current dynamic library path[/root/dart_ws/install/hik_camera/lib/libMvCameraControl.so]     Solution:
Info    2026-05-13 17:47:16  DevID:MV-CU013-A0UC(DA6038615)  Source-Line:libMvCameraControl.so(CInterfaceManager.cpp-L0812)     Description:CamCtl_Version: 3.2.0.3     Solution:
Info    2026-05-13 17:47:16  DevID:MV-CU013-A0UC(DA6038615)  Source-Line:libMvCameraControl.so(CInterfaceManager.cpp-L0813)     Description:CamCtl_Description: BaseLine Build 20210715     Solution:
Info    2026-05-13 17:47:16  DevID:MV-CU013-A0UC(DA6038615)  Source-Line:libMvCameraControl.so(CInterfaceManager.cpp-L0815)     Description:[MV_CC_CreateHandle] return[0x0]     Solution:
Info    2026-05-13 17:47:16  DevID:MV-CU013-A0UC(DA6038615)  Source-Line:libMvCameraControl.so(CInterfaceManager.cpp-L6655)     Description:CamCtrl[0x3020003], U3V SDKVersion[0x3020003], DriverVersion[0x0]     Solution:
Info    2026-05-13 17:47:18  DevID:MV-CU013-A0UC(DA6038615)  Source-Line:libMvCameraControl.so(CInterfaceManager.cpp-L4229)     Description:[MV_CC_InvalidateNodes] return[0x0]     Solution:
Info    2026-05-13 17:47:18  DevID:MV-CU013-A0UC(DA6038615)  Source-Line:libMvCameraControl.so(CInterfaceManager.cpp-L1086)     Description:[MV_CC_OpenDevice] nPrivilegeMode[1], nSwitchoverKey[0], return[0x0]     Solution:
Info    2026-05-13 17:47:18  DevID:MV-CU013-A0UC(DA6038615)  Source-Line:libMvCameraControl.so(CInterfaceManager.cpp-L3677)     Description:[MV_CC_GetImageInfo] return[0x0]     Solution:
Info    2026-05-13 17:47:18  DevID:MV-CU013-A0UC(DA6038615)  Source-Line:libMvCameraControl.so(CInterfaceManager.cpp-L1703)     Description:U3V, DeviceModelName[MV-CU013-A0UC], DeviceFirmwareVersion[V4.0.3 2501151470911 230925F1], DeviceMaxThroughput[375000]     Solution:
Info    2026-05-13 17:47:18  DevID:MV-CU013-A0UC(DA6038615)  Source-Line:libMvCameraControl.so(CInterfaceManager.cpp-L1708)     Description:U3V, Width[1280], Height[720], OffsetX[0], OffsetY[152], PixelFormat[0x108000a], AcquisitionMode[2]     Solution:
Info    2026-05-13 17:47:18  DevID:MV-CU013-A0UC(DA6038615)  Source-Line:libMvCameraControl.so(CInterfaceManager.cpp-L1713)     Description:U3V, TriggerMode[0], ResultingFrameRate[190.89], ExposureTime[300.00], ExposureAuto[0], PayloadSize[921600]     Solution:
Info    2026-05-13 17:47:18  DevID:MV-CU013-A0UC(DA6038615)  Source-Line:libMvCameraControl.so(CInterfaceManager.cpp-L6260)     Description:CamCtrl RecvThread Start, ThreadId[1593682144]     Solution:
Info    2026-05-13 17:47:18  DevID:MV-CU013-A0UC(DA6038615)  Source-Line:libMvCameraControl.so(CInterfaceManager.cpp-L1792)     Description:There is no registration callback     Solution:
Info    2026-05-13 17:47:18  DevID:MV-CU013-A0UC(DA6038615)  Source-Line:libMvCameraControl.so(CInterfaceManager.cpp-L6028)     Description:CamCtrl Display Thread Start, ThreadId[1585228000]     Solution:
Info    2026-05-13 17:47:18  DevID:MV-CU013-A0UC(DA6038615)  Source-Line:libMvCameraControl.so(CInterfaceManager.cpp-L1797)     Description:[MV_CC_StartGrabbing] return[0x0]     Solution:
Info    2026-05-13 17:47:43  DevID:MV-CU013-A0UC(DA6038615)  Source-Line:libMvCameraControl.so(CInterfaceManager.cpp-L1881)     Description:[StopGrabbing] return[0x0]     Solution:
Info    2026-05-13 17:47:43  DevID:MV-CU013-A0UC(DA6038615)  Source-Line:libMvCameraControl.so(CInterfaceManager.cpp-L6490)     Description:RecvThread Process Exit     Solution:
Info    2026-05-13 17:47:43  DevID:MV-CU013-A0UC(DA6038615)  Source-Line:libMvCameraControl.so(CInterfaceManager.cpp-L6244)     Description:Display process exit     Solution:
Info    2026-05-13 17:47:44  DevID:MV-CU013-A0UC(DA6038615)  Source-Line:libMvCameraControl.so(CInterfaceManager.cpp-L1166)     Description:[CloseDevice] return[0x0]     Solution:
Info    2026-05-13 17:47:55  DevID:MV-CU013-A0UC(DA6038615)  Source-Line:libMvCameraControl.so(CInterfaceManager.cpp-L0809)     Description:Current dynamic library path[/root/dart_ws/install/hik_camera/lib/libMvCameraControl.so]     Solution:
Info    2026-05-13 17:47:55  DevID:MV-CU013-A0UC(DA6038615)  Source-Line:libMvCameraControl.so(CInterfaceManager.cpp-L0812)     Description:CamCtl_Version: 3.2.0.3     Solution:
Info    2026-05-13 17:47:55  DevID:MV-CU013-A0UC(DA6038615)  Source-Line:libMvCameraControl.so(CInterfaceManager.cpp-L0813)     Description:CamCtl_Description: BaseLine Build 20210715     Solution:
Info    2026-05-13 17:47:55  DevID:MV-CU013-A0UC(DA6038615)  Source-Line:libMvCameraControl.so(CInterfaceManager.cpp-L0815)     Description:[MV_CC_CreateHandle] return[0x0]     Solution:
Info    2026-05-13 17:47:55  DevID:MV-CU013-A0UC(DA6038615)  Source-Line:libMvCameraControl.so(CInterfaceManager.cpp-L6655)     Description:CamCtrl[0x3020003], U3V SDKVersion[0x3020003], DriverVersion[0x0]     Solution:
Info    2026-05-13 17:47:56  DevID:MV-CU013-A0UC(DA6038615)  Source-Line:libMvCameraControl.so(CInterfaceManager.cpp-L4229)     Description:[MV_CC_InvalidateNodes] return[0x0]     Solution:
Info    2026-05-13 17:47:56  DevID:MV-CU013-A0UC(DA6038615)  Source-Line:libMvCameraControl.so(CInterfaceManager.cpp-L1086)     Description:[MV_CC_OpenDevice] nPrivilegeMode[1], nSwitchoverKey[0], return[0x0]     Solution:
Info    2026-05-13 17:47:56  DevID:MV-CU013-A0UC(DA6038615)  Source-Line:libMvCameraControl.so(CInterfaceManager.cpp-L3677)     Description:[MV_CC_GetImageInfo] return[0x0]     Solution:
Info    2026-05-13 17:47:57  DevID:MV-CU013-A0UC(DA6038615)  Source-Line:libMvCameraControl.so(CInterfaceManager.cpp-L1703)     Description:U3V, DeviceModelName[MV-CU013-A0UC], DeviceFirmwareVersion[V4.0.3 2501151470911 230925F1], DeviceMaxThroughput[375000]     Solution:
Info    2026-05-13 17:47:57  DevID:MV-CU013-A0UC(DA6038615)  Source-Line:libMvCameraControl.so(CInterfaceManager.cpp-L1708)     Description:U3V, Width[1280], Height[720], OffsetX[0], OffsetY[152], PixelFormat[0x108000a], AcquisitionMode[2]     Solution:
Info    2026-05-13 17:47:57  DevID:MV-CU013-A0UC(DA6038615)  Source-Line:libMvCameraControl.so(CInterfaceManager.cpp-L1713)     Description:U3V, TriggerMode[0], ResultingFrameRate[190.89], ExposureTime[300.00], ExposureAuto[0], PayloadSize[921600]     Solution:
Info    2026-05-13 17:47:57  DevID:MV-CU013-A0UC(DA6038615)  Source-Line:libMvCameraControl.so(CInterfaceManager.cpp-L6260)     Description:CamCtrl RecvThread Start, ThreadId[1707911392]     Solution:
Info    2026-05-13 17:47:57  DevID:MV-CU013-A0UC(DA6038615)  Source-Line:libMvCameraControl.so(CInterfaceManager.cpp-L1792)     Description:There is no registration callback     Solution:
Info    2026-05-13 17:47:57  DevID:MV-CU013-A0UC(DA6038615)  Source-Line:libMvCameraControl.so(CInterfaceManager.cpp-L6028)     Description:CamCtrl Display Thread Start, ThreadId[1699457248]     Solution:
Info    2026-05-13 17:47:57  DevID:MV-CU013-A0UC(DA6038615)  Source-Line:libMvCameraControl.so(CInterfaceManager.cpp-L1797)     Description:[MV_CC_StartGrabbing] return[0x0]     Solution:
Info    2026-05-13 17:48:05  DevID:MV-CU013-A0UC(DA6038615)  Source-Line:libMvCameraControl.so(CInterfaceManager.cpp-L1881)     Description:[StopGrabbing] return[0x0]     Solution:
Info    2026-05-13 17:48:06  DevID:MV-CU013-A0UC(DA6038615)  Source-Line:libMvCameraControl.so(CInterfaceManager.cpp-L6490)     Description:RecvThread Process Exit     Solution:
Info    2026-05-13 17:48:06  DevID:MV-CU013-A0UC(DA6038615)  Source-Line:libMvCameraControl.so(CInterfaceManager.cpp-L6244)     Description:Display process exit     Solution:
Info    2026-05-13 17:48:07  DevID:MV-CU013-A0UC(DA6038615)  Source-Line:libMvCameraControl.so(CInterfaceManager.cpp-L1166)     Description:[CloseDevice] return[0x0]     Solution:
Info    2026-05-13 17:50:03  DevID:MV-CU013-A0UC(DA6038615)  Source-Line:libMvCameraControl.so(CInterfaceManager.cpp-L0809)     Description:Current dynamic library path[/root/dart_ws/install/hik_camera/lib/libMvCameraControl.so]     Solution:
Info    2026-05-13 17:50:03  DevID:MV-CU013-A0UC(DA6038615)  Source-Line:libMvCameraControl.so(CInterfaceManager.cpp-L0812)     Description:CamCtl_Version: 3.2.0.3     Solution:
Info    2026-05-13 17:50:03  DevID:MV-CU013-A0UC(DA6038615)  Source-Line:libMvCameraControl.so(CInterfaceManager.cpp-L0813)     Description:CamCtl_Description: BaseLine Build 20210715     Solution:
Info    2026-05-13 17:50:03  DevID:MV-CU013-A0UC(DA6038615)  Source-Line:libMvCameraControl.so(CInterfaceManager.cpp-L0815)     Description:[MV_CC_CreateHandle] return[0x0]     Solution:
Info    2026-05-13 17:50:03  DevID:MV-CU013-A0UC(DA6038615)  Source-Line:libMvCameraControl.so(CInterfaceManager.cpp-L6655)     Description:CamCtrl[0x3020003], U3V SDKVersion[0x3020003], DriverVersion[0x0]     Solution:
Info    2026-05-13 17:50:04  DevID:MV-CU013-A0UC(DA6038615)  Source-Line:libMvCameraControl.so(CInterfaceManager.cpp-L4229)     Description:[MV_CC_InvalidateNodes] return[0x0]     Solution:
Info    2026-05-13 17:50:04  DevID:MV-CU013-A0UC(DA6038615)  Source-Line:libMvCameraControl.so(CInterfaceManager.cpp-L1086)     Description:[MV_CC_OpenDevice] nPrivilegeMode[1], nSwitchoverKey[0], return[0x0]     Solution:
Info    2026-05-13 17:50:04  DevID:MV-CU013-A0UC(DA6038615)  Source-Line:libMvCameraControl.so(CInterfaceManager.cpp-L3677)     Description:[MV_CC_GetImageInfo] return[0x0]     Solution:
Info    2026-05-13 17:50:05  DevID:MV-CU013-A0UC(DA6038615)  Source-Line:libMvCameraControl.so(CInterfaceManager.cpp-L1703)     Description:U3V, DeviceModelName[MV-CU013-A0UC], DeviceFirmwareVersion[V4.0.3 2501151470911 230925F1], DeviceMaxThroughput[375000]     Solution:
Info    2026-05-13 17:50:05  DevID:MV-CU013-A0UC(DA6038615)  Source-Line:libMvCameraControl.so(CInterfaceManager.cpp-L1708)     Description:U3V, Width[1280], Height[720], OffsetX[0], OffsetY[152], PixelFormat[0x108000a], AcquisitionMode[2]     Solution:
Info    2026-05-13 17:50:05  DevID:MV-CU013-A0UC(DA6038615)  Source-Line:libMvCameraControl.so(CInterfaceManager.cpp-L1713)     Description:U3V, TriggerMode[0], ResultingFrameRate[190.89], ExposureTime[300.00], ExposureAuto[0], PayloadSize[921600]     Solution:
Info    2026-05-13 17:50:05  DevID:MV-CU013-A0UC(DA6038615)  Source-Line:libMvCameraControl.so(CInterfaceManager.cpp-L6260)     Description:CamCtrl RecvThread Start, ThreadId[931064032]     Solution:
Info    2026-05-13 17:50:05  DevID:MV-CU013-A0UC(DA6038615)  Source-Line:libMvCameraControl.so(CInterfaceManager.cpp-L1792)     Description:There is no registration callback     Solution:
Info    2026-05-13 17:50:05  DevID:MV-CU013-A0UC(DA6038615)  Source-Line:libMvCameraControl.so(CInterfaceManager.cpp-L6028)     Description:CamCtrl Display Thread Start, ThreadId[922609888]     Solution:
Info    2026-05-13 17:50:05  DevID:MV-CU013-A0UC(DA6038615)  Source-Line:libMvCameraControl.so(CInterfaceManager.cpp-L1797)     Description:[MV_CC_StartGrabbing] return[0x0]     Solution:
Info    2026-05-13 17:53:49  DevID:MV-CU013-A0UC(DA6038615)  Source-Line:libMvCameraControl.so(CInterfaceManager.cpp-L1881)     Description:[StopGrabbing] return[0x0]     Solution:
Info    2026-05-13 17:53:50  DevID:MV-CU013-A0UC(DA6038615)  Source-Line:libMvCameraControl.so(CInterfaceManager.cpp-L6490)     Description:RecvThread Process Exit     Solution:
Info    2026-05-13 17:53:50  DevID:MV-CU013-A0UC(DA6038615)  Source-Line:libMvCameraControl.so(CInterfaceManager.cpp-L6244)     Description:Display process exit     Solution:
Info    2026-05-13 17:53:51  DevID:MV-CU013-A0UC(DA6038615)  Source-Line:libMvCameraControl.so(CInterfaceManager.cpp-L1166)     Description:[CloseDevice] return[0x0]     Solution:
